span_id,start_address,end_address_exclusive,end_address_inclusive,byte_count,owner_kind,source_id,source_text,provenance,semantic_status,semantic_label,semantic_detail
DATA_000,$0068,$008D,$008C,37,ClassifiedData,,ROM pointer target only,verified reconstruction ownership,COMPLETE,normal_and_hard_level_difficulty_progression_tables,"$0068-$007C is the 21-entry normal level-to-difficulty-rank progression (00..14). $007D-$008C is the 16-entry hard progression that skips selected lower ranks and reaches $14. The game stores one of these pointers at $4E0A, $070E reads the current rank, and $0A94 advances the pointer after a board. $272C/$272E are the normal/hard pointer selectors."
DATA_001,$0219,$0221,$0220,8,ClassifiedData,,bounded ROM consumer,verified reconstruction ownership,COMPLETE,frame_timer_phase_threshold_pairs,"Four two-byte threshold pairs consumed from DE=$0219 by $01DC. For each of four frame-timer bytes at $4C86+, the low-nibble and high-nibble phases are compared against the corresponding pair; threshold crossings update the coarse timing/phase flags used by the VBlank-driven game timing state."
DATA_002,$0247,$025B,$025A,20,InlinePayload,0,RST $20 inline dispatch table,verified reconstruction ownership,COMPLETE,rst20_inline_dispatch_table,RST $20 little-endian dispatch table: index 0 -> $0894 Global State Advance (COMPLETE); index 1 -> $06A3 Session Init Substate Advance (COMPLETE); index 2 -> $058E AdvanceAttractOrMainSubstateCounter (COMPLETE); index 3 -> $1272 IncrementEatenGhostAnimationStateTimedTask (COMPLETE); index 4 -> $1000 ClearFruitSpriteTimedTask (COMPLETE); index 5 -> $100B ClearFruitScoreSpriteTimedTask (COMPLETE); index 6 -> $0263 ClearReadyMessageTimedTask (COMPLETE); index 7 -> $212B First Intermission State Advance (COMPLETE); index 8 -> $21F0 Second Intermission State Advance (COMPLETE); index 9 -> $22B9 Third Intermission State Advance (COMPLETE)
DATA_003,$0264,$0266,$0265,2,InlinePayload,3,RST $28 inline arguments,verified reconstruction ownership,COMPLETE,rst28_task_id_and_parameter,RST $28 queue arguments: task_id=28 -> $2C5E Hud Text Renderer Entry; parameter=$86. First byte selects the 32-entry main task table at $23A8; second byte is supplied in B to the task.
DATA_004,$03CC,$03D4,$03D3,8,InlinePayload,1,RST $20 inline dispatch table,verified reconstruction ownership,COMPLETE,rst20_inline_dispatch_table,RST $20 little-endian dispatch table: index 0 -> $03D4 DispatchSecondaryMainModeAndPostInitializationTasks (COMPLETE); index 1 -> $03FE RefreshCreditDisplayBeforeStartPrompt (COMPLETE); index 2 -> $05E5 Start Substate Dispatch (COMPLETE); index 3 -> $06BE Global Game State Dispatch (COMPLETE)
DATA_005,$03D8,$03DC,$03DB,4,InlinePayload,6,RST $20 inline dispatch table,verified reconstruction ownership,COMPLETE,rst20_inline_dispatch_table,RST $20 little-endian dispatch table: index 0 -> $03DC DispatchSecondaryMainModeAndPostInitializationTasks (COMPLETE); index 1 -> $000C Utility Noop Return (COMPLETE)
DATA_006,$03DD,$03DF,$03DE,2,InlinePayload,10,RST $28 inline arguments,verified reconstruction ownership,COMPLETE,rst28_task_id_and_parameter,RST $28 queue arguments: task_id=0 -> $23ED Utility Dispatch Load Argument; parameter=$00. First byte selects the 32-entry main task table at $23A8; second byte is supplied in B to the task.
DATA_007,$03E0,$03E2,$03E1,2,InlinePayload,11,RST $28 inline arguments,verified reconstruction ownership,COMPLETE,rst28_task_id_and_parameter,RST $28 queue arguments: task_id=6 -> $240D ColorRamClearSetup; parameter=$00. First byte selects the 32-entry main task table at $23A8; second byte is supplied in B to the task.
DATA_008,$03E3,$03E5,$03E4,2,InlinePayload,12,RST $28 inline arguments,verified reconstruction ownership,COMPLETE,rst28_task_id_and_parameter,RST $28 queue arguments: task_id=1 -> $24D7 SelectMazeColorAndEndLevelFlashPalette; parameter=$00. First byte selects the 32-entry main task table at $23A8; second byte is supplied in B to the task.
DATA_009,$03E6,$03E8,$03E7,2,InlinePayload,13,RST $28 inline arguments,verified reconstruction ownership,COMPLETE,rst28_task_id_and_parameter,RST $28 queue arguments: task_id=20 -> $26D0 DecodeDipSwitchGameConfiguration; parameter=$00. First byte selects the 32-entry main task table at $23A8; second byte is supplied in B to the task.
DATA_010,$03E9,$03EB,$03EA,2,InlinePayload,14,RST $28 inline arguments,verified reconstruction ownership,COMPLETE,rst28_task_id_and_parameter,RST $28 queue arguments: task_id=24 -> $2AE0 SelectPlayerScoreAndPrepareDigitRendering; parameter=$00. First byte selects the 32-entry main task table at $23A8; second byte is supplied in B to the task.
DATA_011,$03EC,$03EE,$03ED,2,InlinePayload,15,RST $28 inline arguments,verified reconstruction ownership,COMPLETE,rst28_task_id_and_parameter,RST $28 queue arguments: task_id=4 -> $253D InitializePacmanAndGhostGameplayStateBlock; parameter=$00. First byte selects the 32-entry main task table at $23A8; second byte is supplied in B to the task.
DATA_012,$03EF,$03F1,$03F0,2,InlinePayload,16,RST $28 inline arguments,verified reconstruction ownership,COMPLETE,rst28_task_id_and_parameter,RST $28 queue arguments: task_id=30 -> $2675 Intermission Actor Clear; parameter=$00. First byte selects the 32-entry main task table at $23A8; second byte is supplied in B to the task.
DATA_013,$03F2,$03F4,$03F3,2,InlinePayload,17,RST $28 inline arguments,verified reconstruction ownership,COMPLETE,rst28_task_id_and_parameter,RST $28 queue arguments: task_id=7 -> $2698 InitializeDemoCreditModeState; parameter=$00. First byte selects the 32-entry main task table at $23A8; second byte is supplied in B to the task.
DATA_014,$0417,$045F,$045E,72,InlinePayload,18,RST $20 inline dispatch table,verified reconstruction ownership,COMPLETE,rst20_inline_dispatch_table,RST $20 little-endian dispatch table: index 0 -> $045F RunAttractIntroductionStateHandlers (COMPLETE); index 1 -> $000C Utility Noop Return (COMPLETE); index 2 -> $0471 RunAttractIntroductionStateHandlers (COMPLETE); index 3 -> $000C Utility Noop Return (COMPLETE); index 4 -> $047F RunAttractIntroductionStateHandlers (COMPLETE); index 5 -> $000C Utility Noop Return (COMPLETE); index 6 -> $0485 RunAttractIntroductionStateHandlers (COMPLETE); index 7 -> $000C Utility Noop Return (COMPLETE); index 8 -> $048B RunAttractIntroductionStateHandlers (COMPLETE); index 9 -> $000C Utility Noop Return (COMPLETE); index 10 -> $0499 RunAttractIntroductionStateHandlers (COMPLETE); index 11 -> $000C Utility Noop Return (COMPLETE); index 12 -> $049F RunAttractIntroductionStateHandlers (COMPLETE); index 13 -> $000C Utility Noop Return (COMPLETE); index 14 -> $04A5 RunAttractIntroductionStateHandlers (COMPLETE); index 15 -> $000C Utility Noop Return (COMPLETE); index 16 -> $04B3 RunAttractIntroductionStateHandlers (COMPLETE); index 17 -> $000C Utility Noop Return (COMPLETE); index 18 -> $04B9 RunAttractIntroductionStateHandlers (COMPLETE); index 19 -> $000C Utility Noop Return (COMPLETE); index 20 -> $04BF RunAttractIntroductionStateHandlers (COMPLETE); index 21 -> $000C Utility Noop Return (COMPLETE); index 22 -> $04CD RunAttractIntroductionStateHandlers (COMPLETE); index 23 -> $000C Utility Noop Return (COMPLETE); index 24 -> $04D3 RunAttractIntroductionStateHandlers (COMPLETE); index 25 -> $000C Utility Noop Return (COMPLETE); index 26 -> $04D8 AttractPointValueLegendDisplay (COMPLETE); index 27 -> $000C Utility Noop Return (COMPLETE); index 28 -> $04E0 PrepareAttractDemoAndInvisibleMaze (COMPLETE); index 29 -> $000C Utility Noop Return (COMPLETE); index 30 -> $051C RunPacmanAttractGameplayDemo (COMPLETE); index 31 -> $054B DemoReleasePinkyAtThreshold (COMPLETE); index 32 -> $0556 DemoReleaseInkyAtThreshold (COMPLETE); index 33 -> $0561 DemoReleaseClydeAtThreshold (COMPLETE); index 34 -> $056C CheckAttractDemoCompletion (COMPLETE); index 35 -> $057C EndAttractDemoAndReturnToTitle (COMPLETE)
DATA_015,$0460,$0462,$0461,2,InlinePayload,70,RST $28 inline arguments,verified reconstruction ownership,COMPLETE,rst28_task_id_and_parameter,RST $28 queue arguments: task_id=0 -> $23ED Utility Dispatch Load Argument; parameter=$01. First byte selects the 32-entry main task table at $23A8; second byte is supplied in B to the task.
DATA_016,$0463,$0465,$0464,2,InlinePayload,71,RST $28 inline arguments,verified reconstruction ownership,COMPLETE,rst28_task_id_and_parameter,RST $28 queue arguments: task_id=1 -> $24D7 SelectMazeColorAndEndLevelFlashPalette; parameter=$00. First byte selects the 32-entry main task table at $23A8; second byte is supplied in B to the task.
DATA_017,$0466,$0468,$0467,2,InlinePayload,72,RST $28 inline arguments,verified reconstruction ownership,COMPLETE,rst28_task_id_and_parameter,RST $28 queue arguments: task_id=4 -> $253D InitializePacmanAndGhostGameplayStateBlock; parameter=$00. First byte selects the 32-entry main task table at $23A8; second byte is supplied in B to the task.
DATA_018,$0469,$046B,$046A,2,InlinePayload,73,RST $28 inline arguments,verified reconstruction ownership,COMPLETE,rst28_task_id_and_parameter,RST $28 queue arguments: task_id=30 -> $2675 Intermission Actor Clear; parameter=$00. First byte selects the 32-entry main task table at $23A8; second byte is supplied in B to the task.
DATA_019,$04D9,$04DB,$04DA,2,InlinePayload,74,RST $28 inline arguments,verified reconstruction ownership,COMPLETE,rst28_task_id_and_parameter,RST $28 queue arguments: task_id=28 -> $2C5E Hud Text Renderer Entry; parameter=$11. First byte selects the 32-entry main task table at $23A8; second byte is supplied in B to the task.
DATA_020,$04EA,$04EC,$04EB,2,InlinePayload,75,RST $28 inline arguments,verified reconstruction ownership,COMPLETE,rst28_task_id_and_parameter,RST $28 queue arguments: task_id=17 -> $26A2 ClearGameplayWorkRamStateBlock; parameter=$00. First byte selects the 32-entry main task table at $23A8; second byte is supplied in B to the task.
DATA_021,$04ED,$04EF,$04EE,2,InlinePayload,76,RST $28 inline arguments,verified reconstruction ownership,COMPLETE,rst28_task_id_and_parameter,RST $28 queue arguments: task_id=5 -> $268B ResetGhostHouseCounterAndOptionalBlinkyRelease; parameter=$01. First byte selects the 32-entry main task table at $23A8; second byte is supplied in B to the task.
DATA_022,$04F0,$04F2,$04F1,2,InlinePayload,77,RST $28 inline arguments,verified reconstruction ownership,COMPLETE,rst28_task_id_and_parameter,RST $28 queue arguments: task_id=16 -> $000D SetupDifficultyFromTaskParameter; parameter=$14. First byte selects the 32-entry main task table at $23A8; second byte is supplied in B to the task.
DATA_023,$04F3,$04F5,$04F4,2,InlinePayload,78,RST $28 inline arguments,verified reconstruction ownership,COMPLETE,rst28_task_id_and_parameter,RST $28 queue arguments: task_id=4 -> $253D InitializePacmanAndGhostGameplayStateBlock; parameter=$01. First byte selects the 32-entry main task table at $23A8; second byte is supplied in B to the task.
DATA_024,$058B,$058E,$058D,3,InlinePayload,91,RST $30 inline payload,verified reconstruction ownership,COMPLETE,rst30_delay_command_and_parameter,"RST $30 delayed-command record: encoded_delay=$4A (class=1, low6_count=10), command_id=2 -> $058E AdvanceAttractOrMainSubstateCounter; parameter=$00. Scheduler stores three bytes at $4C90 and dispatches command through the $0247 table when due."
DATA_025,$059E,$05A1,$05A0,3,InlinePayload,92,RST $30 inline payload,verified reconstruction ownership,COMPLETE,rst30_delay_command_and_parameter,"RST $30 delayed-command record: encoded_delay=$45 (class=1, low6_count=5), command_id=2 -> $058E AdvanceAttractOrMainSubstateCounter; parameter=$00. Scheduler stores three bytes at $4C90 and dispatches command through the $0247 table when due."
DATA_026,$05E9,$05F3,$05F2,10,InlinePayload,7,RST $20 inline dispatch table,verified reconstruction ownership,COMPLETE,rst20_inline_dispatch_table,RST $20 little-endian dispatch table: index 0 -> $05F3 InitializeStartPromptAndReadyState (COMPLETE); index 1 -> $061B RefreshCreditDisplayAtStartPrompt (COMPLETE); index 2 -> $0674 Session Init Task Post00 (COMPLETE); index 3 -> $000C Utility Noop Return (COMPLETE); index 4 -> $06A8 DecrementLifeThenPrepareMazeHud (COMPLETE)
DATA_027,$05F7,$05F9,$05F8,2,InlinePayload,19,RST $28 inline arguments,verified reconstruction ownership,COMPLETE,rst28_task_id_and_parameter,RST $28 queue arguments: task_id=0 -> $23ED Utility Dispatch Load Argument; parameter=$01. First byte selects the 32-entry main task table at $23A8; second byte is supplied in B to the task.
DATA_028,$05FA,$05FC,$05FB,2,InlinePayload,20,RST $28 inline arguments,verified reconstruction ownership,COMPLETE,rst28_task_id_and_parameter,RST $28 queue arguments: task_id=1 -> $24D7 SelectMazeColorAndEndLevelFlashPalette; parameter=$00. First byte selects the 32-entry main task table at $23A8; second byte is supplied in B to the task.
DATA_029,$05FD,$05FF,$05FE,2,InlinePayload,21,RST $28 inline arguments,verified reconstruction ownership,COMPLETE,rst28_task_id_and_parameter,RST $28 queue arguments: task_id=28 -> $2C5E Hud Text Renderer Entry; parameter=$07. First byte selects the 32-entry main task table at $23A8; second byte is supplied in B to the task.
DATA_030,$0600,$0602,$0601,2,InlinePayload,22,RST $28 inline arguments,verified reconstruction ownership,COMPLETE,rst28_task_id_and_parameter,RST $28 queue arguments: task_id=28 -> $2C5E Hud Text Renderer Entry; parameter=$0B. First byte selects the 32-entry main task table at $23A8; second byte is supplied in B to the task.
DATA_031,$0603,$0605,$0604,2,InlinePayload,23,RST $28 inline arguments,verified reconstruction ownership,COMPLETE,rst28_task_id_and_parameter,RST $28 queue arguments: task_id=30 -> $2675 Intermission Actor Clear; parameter=$00. First byte selects the 32-entry main task table at $23A8; second byte is supplied in B to the task.
DATA_032,$0615,$0617,$0616,2,InlinePayload,24,RST $28 inline arguments,verified reconstruction ownership,COMPLETE,rst28_task_id_and_parameter,RST $28 queue arguments: task_id=28 -> $2C5E Hud Text Renderer Entry; parameter=$0A. First byte selects the 32-entry main task table at $23A8; second byte is supplied in B to the task.
DATA_033,$0618,$061A,$0619,2,InlinePayload,25,RST $28 inline arguments,verified reconstruction ownership,COMPLETE,rst28_task_id_and_parameter,RST $28 queue arguments: task_id=31 -> $26B2 RenderCreditCountDigits; parameter=$00. First byte selects the 32-entry main task table at $23A8; second byte is supplied in B to the task.
DATA_034,$0675,$0677,$0676,2,InlinePayload,26,RST $28 inline arguments,verified reconstruction ownership,COMPLETE,rst28_task_id_and_parameter,RST $28 queue arguments: task_id=0 -> $23ED Utility Dispatch Load Argument; parameter=$01. First byte selects the 32-entry main task table at $23A8; second byte is supplied in B to the task.
DATA_035,$0678,$067A,$0679,2,InlinePayload,27,RST $28 inline arguments,verified reconstruction ownership,COMPLETE,rst28_task_id_and_parameter,RST $28 queue arguments: task_id=1 -> $24D7 SelectMazeColorAndEndLevelFlashPalette; parameter=$01. First byte selects the 32-entry main task table at $23A8; second byte is supplied in B to the task.
DATA_036,$067B,$067D,$067C,2,InlinePayload,28,RST $28 inline arguments,verified reconstruction ownership,COMPLETE,rst28_task_id_and_parameter,RST $28 queue arguments: task_id=2 -> $2419 DecodeMazeCommandStreamIntoVideoRam; parameter=$00. First byte selects the 32-entry main task table at $23A8; second byte is supplied in B to the task.
DATA_037,$067E,$0680,$067F,2,InlinePayload,29,RST $28 inline arguments,verified reconstruction ownership,COMPLETE,rst28_task_id_and_parameter,RST $28 queue arguments: task_id=18 -> $24C9 State Field Clear Routine; parameter=$00. First byte selects the 32-entry main task table at $23A8; second byte is supplied in B to the task.
DATA_038,$0681,$0683,$0682,2,InlinePayload,30,RST $28 inline arguments,verified reconstruction ownership,COMPLETE,rst28_task_id_and_parameter,RST $28 queue arguments: task_id=3 -> $2448 DrawPelletsFromOccupancyBitfield; parameter=$00. First byte selects the 32-entry main task table at $23A8; second byte is supplied in B to the task.
DATA_039,$0684,$0686,$0685,2,InlinePayload,31,RST $28 inline arguments,verified reconstruction ownership,COMPLETE,rst28_task_id_and_parameter,RST $28 queue arguments: task_id=28 -> $2C5E Hud Text Renderer Entry; parameter=$03. First byte selects the 32-entry main task table at $23A8; second byte is supplied in B to the task.
DATA_040,$0687,$0689,$0688,2,InlinePayload,32,RST $28 inline arguments,verified reconstruction ownership,COMPLETE,rst28_task_id_and_parameter,RST $28 queue arguments: task_id=28 -> $2C5E Hud Text Renderer Entry; parameter=$06. First byte selects the 32-entry main task table at $23A8; second byte is supplied in B to the task.
DATA_041,$068A,$068C,$068B,2,InlinePayload,33,RST $28 inline arguments,verified reconstruction ownership,COMPLETE,rst28_task_id_and_parameter,RST $28 queue arguments: task_id=24 -> $2AE0 SelectPlayerScoreAndPrepareDigitRendering; parameter=$00. First byte selects the 32-entry main task table at $23A8; second byte is supplied in B to the task.
DATA_042,$068D,$068F,$068E,2,InlinePayload,34,RST $28 inline arguments,verified reconstruction ownership,COMPLETE,rst28_task_id_and_parameter,RST $28 queue arguments: task_id=27 -> $2BEA DrawLevelFruitHistoryHud; parameter=$00. First byte selects the 32-entry main task table at $23A8; second byte is supplied in B to the task.
DATA_043,$069D,$069F,$069E,2,InlinePayload,35,RST $28 inline arguments,verified reconstruction ownership,COMPLETE,rst28_task_id_and_parameter,RST $28 queue arguments: task_id=26 -> $2B6A Maze Preparation Mode Gate; parameter=$00. First byte selects the 32-entry main task table at $23A8; second byte is supplied in B to the task.
DATA_044,$06A0,$06A3,$06A2,3,InlinePayload,36,RST $30 inline payload,verified reconstruction ownership,COMPLETE,rst30_delay_command_and_parameter,"RST $30 delayed-command record: encoded_delay=$57 (class=1, low6_count=23), command_id=1 -> $06A3 Session Init Substate Advance; parameter=$00. Scheduler stores three bytes at $4C90 and dispatches command through the $0247 table when due."
DATA_045,$06C2,$070E,$070D,76,InlinePayload,8,RST $20 inline dispatch table,verified reconstruction ownership,COMPLETE,rst20_inline_dispatch_table,RST $20 little-endian dispatch table: index 0 -> $0879 Attract Initialize Prefix (COMPLETE); index 1 -> $0899 Attract State One (COMPLETE); index 2 -> $000C Utility Noop Return (COMPLETE); index 3 -> $08CD Rack Advance Input Gate (COMPLETE); index 4 -> $090D Start State Prepare Prefix (COMPLETE); index 5 -> $000C Utility Noop Return (COMPLETE); index 6 -> $0940 GameOverCheckAndTwoPlayerTurnSwap (COMPLETE); index 7 -> $000C Utility Noop Return (COMPLETE); index 8 -> $0972 Session Reset Lifecycle (COMPLETE); index 9 -> $0988 Attract Task Batch (COMPLETE); index 10 -> $000C Utility Noop Return (COMPLETE); index 11 -> $09D2 Set Global State Three (COMPLETE); index 12 -> $09D8 Delayed Advance And Clear (COMPLETE); index 13 -> $000C Utility Noop Return (COMPLETE); index 14 -> $09E8 EndOfLevelMazeFlashSequencer (COMPLETE); index 15 -> $000C Utility Noop Return (COMPLETE); index 16 -> $09FE EndOfLevelMazeFlashSequencer (COMPLETE); index 17 -> $000C Utility Noop Return (COMPLETE); index 18 -> $0A02 EndOfLevelMazeFlashSequencer (COMPLETE); index 19 -> $000C Utility Noop Return (COMPLETE); index 20 -> $0A04 EndOfLevelMazeFlashSequencer (COMPLETE); index 21 -> $000C Utility Noop Return (COMPLETE); index 22 -> $0A06 EndOfLevelMazeFlashSequencer (COMPLETE); index 23 -> $000C Utility Noop Return (COMPLETE); index 24 -> $0A08 EndOfLevelMazeFlashSequencer (COMPLETE); index 25 -> $000C Utility Noop Return (COMPLETE); index 26 -> $0A0A EndOfLevelMazeFlashSequencer (COMPLETE); index 27 -> $000C Utility Noop Return (COMPLETE); index 28 -> $0A0C EndOfLevelMazeFlashSequencer (COMPLETE); index 29 -> $000C Utility Noop Return (COMPLETE); index 30 -> $0A0E Intermission Setup Task Batch (COMPLETE); index 31 -> $000C Utility Noop Return (COMPLETE); index 32 -> $0A2C Intermission Setup Prefix (COMPLETE); index 33 -> $000C Utility Noop Return (COMPLETE); index 34 -> $0A7C Intermission Cleanup Prefix (COMPLETE); index 35 -> $0AA0 Attract Task Batch Redirect (COMPLETE); index 36 -> $000C Utility Noop Return (COMPLETE); index 37 -> $0AA3 Set Global State Three Redirect (COMPLETE)
DATA_046,$0796,$0814,$0813,126,ClassifiedData,,ROM pointer target only,verified reconstruction ownership,COMPLETE,level_difficulty_profile_index_records_21x6,Twenty-one six-byte difficulty-profile records selected by $070E. Record fields are: [0] speed/orientation profile index into the $330F 42-byte records; [1] auxiliary byte copied to $4DB0; [2] ghost-house release-counter profile index into $0843; [3] Cruise-Elroy remaining-pellet threshold profile index into $084F; [4] frightened-duration index into $0861; [5] ghost-house release-delay index into $0873.
DATA_047,$0843,$0879,$0878,54,ClassifiedData,,ROM pointer target only,verified reconstruction ownership,COMPLETE,ghost_release_elroy_and_frightened_timing_subtables,$0843-$084E: four 3-byte Pinky/Inky/Clyde ghost-house release-counter threshold sets. $084F-$0860: nine 2-byte Cruise-Elroy remaining-pellet threshold pairs. $0861-$0872: nine little-endian frightened-mode duration values. $0873-$0878: three little-endian ghost-house release-delay values. $070E indexes these through the six-byte profile records at $0796.
DATA_048,$08A6,$08A8,$08A7,2,InlinePayload,79,RST $28 inline arguments,verified reconstruction ownership,COMPLETE,rst28_task_id_and_parameter,RST $28 queue arguments: task_id=17 -> $26A2 ClearGameplayWorkRamStateBlock; parameter=$00. First byte selects the 32-entry main task table at $23A8; second byte is supplied in B to the task.
DATA_049,$08A9,$08AB,$08AA,2,InlinePayload,80,RST $28 inline arguments,verified reconstruction ownership,COMPLETE,rst28_task_id_and_parameter,RST $28 queue arguments: task_id=28 -> $2C5E Hud Text Renderer Entry; parameter=$83. First byte selects the 32-entry main task table at $23A8; second byte is supplied in B to the task.
DATA_050,$08AC,$08AE,$08AD,2,InlinePayload,81,RST $28 inline arguments,verified reconstruction ownership,COMPLETE,rst28_task_id_and_parameter,RST $28 queue arguments: task_id=4 -> $253D InitializePacmanAndGhostGameplayStateBlock; parameter=$00. First byte selects the 32-entry main task table at $23A8; second byte is supplied in B to the task.
DATA_051,$08AF,$08B1,$08B0,2,InlinePayload,82,RST $28 inline arguments,verified reconstruction ownership,COMPLETE,rst28_task_id_and_parameter,RST $28 queue arguments: task_id=5 -> $268B ResetGhostHouseCounterAndOptionalBlinkyRelease; parameter=$00. First byte selects the 32-entry main task table at $23A8; second byte is supplied in B to the task.
DATA_052,$08B2,$08B4,$08B3,2,InlinePayload,83,RST $28 inline arguments,verified reconstruction ownership,COMPLETE,rst28_task_id_and_parameter,RST $28 queue arguments: task_id=16 -> $000D SetupDifficultyFromTaskParameter; parameter=$00. First byte selects the 32-entry main task table at $23A8; second byte is supplied in B to the task.
DATA_053,$08B5,$08B7,$08B6,2,InlinePayload,84,RST $28 inline arguments,verified reconstruction ownership,COMPLETE,rst28_task_id_and_parameter,RST $28 queue arguments: task_id=26 -> $2B6A Maze Preparation Mode Gate; parameter=$00. First byte selects the 32-entry main task table at $23A8; second byte is supplied in B to the task.
DATA_054,$08B8,$08BB,$08BA,3,InlinePayload,85,RST $30 inline payload,verified reconstruction ownership,COMPLETE,rst30_delay_command_and_parameter,"RST $30 delayed-command record: encoded_delay=$54 (class=1, low6_count=20), command_id=0 -> $0894 Global State Advance; parameter=$00. Scheduler stores three bytes at $4C90 and dispatches command through the $0247 table when due."
DATA_055,$08BC,$08BF,$08BE,3,InlinePayload,86,RST $30 inline payload,verified reconstruction ownership,COMPLETE,rst30_delay_command_and_parameter,"RST $30 delayed-command record: encoded_delay=$54 (class=1, low6_count=20), command_id=6 -> $0263 ClearReadyMessageTimedTask; parameter=$00. Scheduler stores three bytes at $4C90 and dispatches command through the $0247 table when due."
DATA_056,$08DB,$08DD,$08DC,2,InlinePayload,37,RST $28 inline arguments,verified reconstruction ownership,COMPLETE,rst28_task_id_and_parameter,RST $28 queue arguments: task_id=19 -> $2A35 EraseMazePelletsAndEnergizersFromVideoRam; parameter=$00. First byte selects the 32-entry main task table at $23A8; second byte is supplied in B to the task.
DATA_057,$0937,$0939,$0938,2,InlinePayload,38,RST $28 inline arguments,verified reconstruction ownership,COMPLETE,rst28_task_id_and_parameter,RST $28 queue arguments: task_id=28 -> $2C5E Hud Text Renderer Entry; parameter=$05. First byte selects the 32-entry main task table at $23A8; second byte is supplied in B to the task.
DATA_058,$093A,$093D,$093C,3,InlinePayload,39,RST $30 inline payload,verified reconstruction ownership,COMPLETE,rst30_delay_command_and_parameter,"RST $30 delayed-command record: encoded_delay=$54 (class=1, low6_count=20), command_id=0 -> $0894 Global State Advance; parameter=$00. Scheduler stores three bytes at $4C90 and dispatches command through the $0247 table when due."
DATA_059,$0956,$0958,$0957,2,InlinePayload,40,RST $28 inline arguments,verified reconstruction ownership,COMPLETE,rst28_task_id_and_parameter,RST $28 queue arguments: task_id=28 -> $2C5E Hud Text Renderer Entry; parameter=$05. First byte selects the 32-entry main task table at $23A8; second byte is supplied in B to the task.
DATA_060,$0959,$095C,$095B,3,InlinePayload,41,RST $30 inline payload,verified reconstruction ownership,COMPLETE,rst30_delay_command_and_parameter,"RST $30 delayed-command record: encoded_delay=$54 (class=1, low6_count=20), command_id=0 -> $0894 Global State Advance; parameter=$00. Scheduler stores three bytes at $4C90 and dispatches command through the $0247 table when due."
DATA_061,$0989,$098B,$098A,2,InlinePayload,42,RST $28 inline arguments,verified reconstruction ownership,COMPLETE,rst28_task_id_and_parameter,RST $28 queue arguments: task_id=0 -> $23ED Utility Dispatch Load Argument; parameter=$01. First byte selects the 32-entry main task table at $23A8; second byte is supplied in B to the task.
DATA_062,$098C,$098E,$098D,2,InlinePayload,43,RST $28 inline arguments,verified reconstruction ownership,COMPLETE,rst28_task_id_and_parameter,RST $28 queue arguments: task_id=1 -> $24D7 SelectMazeColorAndEndLevelFlashPalette; parameter=$01. First byte selects the 32-entry main task table at $23A8; second byte is supplied in B to the task.
DATA_063,$098F,$0991,$0990,2,InlinePayload,44,RST $28 inline arguments,verified reconstruction ownership,COMPLETE,rst28_task_id_and_parameter,RST $28 queue arguments: task_id=2 -> $2419 DecodeMazeCommandStreamIntoVideoRam; parameter=$00. First byte selects the 32-entry main task table at $23A8; second byte is supplied in B to the task.
DATA_064,$0992,$0994,$0993,2,InlinePayload,45,RST $28 inline arguments,verified reconstruction ownership,COMPLETE,rst28_task_id_and_parameter,RST $28 queue arguments: task_id=17 -> $26A2 ClearGameplayWorkRamStateBlock; parameter=$00. First byte selects the 32-entry main task table at $23A8; second byte is supplied in B to the task.
DATA_065,$0995,$0997,$0996,2,InlinePayload,46,RST $28 inline arguments,verified reconstruction ownership,COMPLETE,rst28_task_id_and_parameter,RST $28 queue arguments: task_id=19 -> $2A35 EraseMazePelletsAndEnergizersFromVideoRam; parameter=$00. First byte selects the 32-entry main task table at $23A8; second byte is supplied in B to the task.
DATA_066,$0998,$099A,$0999,2,InlinePayload,47,RST $28 inline arguments,verified reconstruction ownership,COMPLETE,rst28_task_id_and_parameter,RST $28 queue arguments: task_id=3 -> $2448 DrawPelletsFromOccupancyBitfield; parameter=$00. First byte selects the 32-entry main task table at $23A8; second byte is supplied in B to the task.
DATA_067,$099B,$099D,$099C,2,InlinePayload,48,RST $28 inline arguments,verified reconstruction ownership,COMPLETE,rst28_task_id_and_parameter,RST $28 queue arguments: task_id=4 -> $253D InitializePacmanAndGhostGameplayStateBlock; parameter=$00. First byte selects the 32-entry main task table at $23A8; second byte is supplied in B to the task.
DATA_068,$099E,$09A0,$099F,2,InlinePayload,49,RST $28 inline arguments,verified reconstruction ownership,COMPLETE,rst28_task_id_and_parameter,RST $28 queue arguments: task_id=5 -> $268B ResetGhostHouseCounterAndOptionalBlinkyRelease; parameter=$00. First byte selects the 32-entry main task table at $23A8; second byte is supplied in B to the task.
DATA_069,$09A1,$09A3,$09A2,2,InlinePayload,50,RST $28 inline arguments,verified reconstruction ownership,COMPLETE,rst28_task_id_and_parameter,RST $28 queue arguments: task_id=16 -> $000D SetupDifficultyFromTaskParameter; parameter=$00. First byte selects the 32-entry main task table at $23A8; second byte is supplied in B to the task.
DATA_070,$09A4,$09A6,$09A5,2,InlinePayload,51,RST $28 inline arguments,verified reconstruction ownership,COMPLETE,rst28_task_id_and_parameter,RST $28 queue arguments: task_id=26 -> $2B6A Maze Preparation Mode Gate; parameter=$00. First byte selects the 32-entry main task table at $23A8; second byte is supplied in B to the task.
DATA_071,$09A7,$09A9,$09A8,2,InlinePayload,52,RST $28 inline arguments,verified reconstruction ownership,COMPLETE,rst28_task_id_and_parameter,RST $28 queue arguments: task_id=28 -> $2C5E Hud Text Renderer Entry; parameter=$06. First byte selects the 32-entry main task table at $23A8; second byte is supplied in B to the task.
DATA_072,$09B1,$09B3,$09B2,2,InlinePayload,53,RST $28 inline arguments,verified reconstruction ownership,COMPLETE,rst28_task_id_and_parameter,RST $28 queue arguments: task_id=28 -> $2C5E Hud Text Renderer Entry; parameter=$05. First byte selects the 32-entry main task table at $23A8; second byte is supplied in B to the task.
DATA_073,$09B4,$09B6,$09B5,2,InlinePayload,54,RST $28 inline arguments,verified reconstruction ownership,COMPLETE,rst28_task_id_and_parameter,RST $28 queue arguments: task_id=29 -> $2BA1 Credit Display Dispatch; parameter=$00. First byte selects the 32-entry main task table at $23A8; second byte is supplied in B to the task.
DATA_074,$09B7,$09BA,$09B9,3,InlinePayload,55,RST $30 inline payload,verified reconstruction ownership,COMPLETE,rst30_delay_command_and_parameter,"RST $30 delayed-command record: encoded_delay=$54 (class=1, low6_count=20), command_id=0 -> $0894 Global State Advance; parameter=$00. Scheduler stores three bytes at $4C90 and dispatches command through the $0247 table when due."
DATA_075,$09C1,$09C4,$09C3,3,InlinePayload,56,RST $30 inline payload,verified reconstruction ownership,COMPLETE,rst30_delay_command_and_parameter,"RST $30 delayed-command record: encoded_delay=$54 (class=1, low6_count=20), command_id=6 -> $0263 ClearReadyMessageTimedTask; parameter=$00. Scheduler stores three bytes at $4C90 and dispatches command through the $0247 table when due."
DATA_076,$09D9,$09DC,$09DB,3,InlinePayload,57,RST $30 inline payload,verified reconstruction ownership,COMPLETE,rst30_delay_command_and_parameter,"RST $30 delayed-command record: encoded_delay=$54 (class=1, low6_count=20), command_id=0 -> $0894 Global State Advance; parameter=$00. Scheduler stores three bytes at $4C90 and dispatches command through the $0247 table when due."
DATA_077,$09F0,$09F3,$09F2,3,InlinePayload,58,RST $30 inline payload,verified reconstruction ownership,COMPLETE,rst30_delay_command_and_parameter,"RST $30 delayed-command record: encoded_delay=$42 (class=1, low6_count=2), command_id=0 -> $0894 Global State Advance; parameter=$00. Scheduler stores three bytes at $4C90 and dispatches command through the $0247 table when due."
DATA_078,$0A0F,$0A11,$0A10,2,InlinePayload,59,RST $28 inline arguments,verified reconstruction ownership,COMPLETE,rst28_task_id_and_parameter,RST $28 queue arguments: task_id=0 -> $23ED Utility Dispatch Load Argument; parameter=$01. First byte selects the 32-entry main task table at $23A8; second byte is supplied in B to the task.
DATA_079,$0A12,$0A14,$0A13,2,InlinePayload,60,RST $28 inline arguments,verified reconstruction ownership,COMPLETE,rst28_task_id_and_parameter,RST $28 queue arguments: task_id=6 -> $240D ColorRamClearSetup; parameter=$00. First byte selects the 32-entry main task table at $23A8; second byte is supplied in B to the task.
DATA_080,$0A15,$0A17,$0A16,2,InlinePayload,61,RST $28 inline arguments,verified reconstruction ownership,COMPLETE,rst28_task_id_and_parameter,RST $28 queue arguments: task_id=17 -> $26A2 ClearGameplayWorkRamStateBlock; parameter=$00. First byte selects the 32-entry main task table at $23A8; second byte is supplied in B to the task.
DATA_081,$0A18,$0A1A,$0A19,2,InlinePayload,62,RST $28 inline arguments,verified reconstruction ownership,COMPLETE,rst28_task_id_and_parameter,RST $28 queue arguments: task_id=19 -> $2A35 EraseMazePelletsAndEnergizersFromVideoRam; parameter=$00. First byte selects the 32-entry main task table at $23A8; second byte is supplied in B to the task.
DATA_082,$0A1B,$0A1D,$0A1C,2,InlinePayload,63,RST $28 inline arguments,verified reconstruction ownership,COMPLETE,rst28_task_id_and_parameter,RST $28 queue arguments: task_id=4 -> $253D InitializePacmanAndGhostGameplayStateBlock; parameter=$01. First byte selects the 32-entry main task table at $23A8; second byte is supplied in B to the task.
DATA_083,$0A1E,$0A20,$0A1F,2,InlinePayload,64,RST $28 inline arguments,verified reconstruction ownership,COMPLETE,rst28_task_id_and_parameter,RST $28 queue arguments: task_id=5 -> $268B ResetGhostHouseCounterAndOptionalBlinkyRelease; parameter=$01. First byte selects the 32-entry main task table at $23A8; second byte is supplied in B to the task.
DATA_084,$0A21,$0A23,$0A22,2,InlinePayload,65,RST $28 inline arguments,verified reconstruction ownership,COMPLETE,rst28_task_id_and_parameter,RST $28 queue arguments: task_id=16 -> $000D SetupDifficultyFromTaskParameter; parameter=$13. First byte selects the 32-entry main task table at $23A8; second byte is supplied in B to the task.
DATA_085,$0A24,$0A27,$0A26,3,InlinePayload,66,RST $30 inline payload,verified reconstruction ownership,COMPLETE,rst30_delay_command_and_parameter,"RST $30 delayed-command record: encoded_delay=$43 (class=1, low6_count=3), command_id=0 -> $0894 Global State Advance; parameter=$00. Scheduler stores three bytes at $4C90 and dispatches command through the $0247 table when due."
DATA_086,$0A45,$0A6F,$0A6E,42,InlinePayload,67,RST $20 inline dispatch table,verified reconstruction ownership,COMPLETE,rst20_inline_dispatch_table,RST $20 little-endian dispatch table: index 0 -> $0A6F No Intermission Exit (COMPLETE); index 1 -> $2108 First Intermission Dispatch (COMPLETE); index 2 -> $0A6F No Intermission Exit (COMPLETE); index 3 -> $0A6F No Intermission Exit (COMPLETE); index 4 -> $219E Second Intermission Dispatch (COMPLETE); index 5 -> $0A6F No Intermission Exit (COMPLETE); index 6 -> $0A6F No Intermission Exit (COMPLETE); index 7 -> $0A6F No Intermission Exit (COMPLETE); index 8 -> $2297 Third Intermission Dispatch (COMPLETE); index 9 -> $0A6F No Intermission Exit (COMPLETE); index 10 -> $0A6F No Intermission Exit (COMPLETE); index 11 -> $0A6F No Intermission Exit (COMPLETE); index 12 -> $2297 Third Intermission Dispatch (COMPLETE); index 13 -> $0A6F No Intermission Exit (COMPLETE); index 14 -> $0A6F No Intermission Exit (COMPLETE); index 15 -> $0A6F No Intermission Exit (COMPLETE); index 16 -> $2297 Third Intermission Dispatch (COMPLETE); index 17 -> $0A6F No Intermission Exit (COMPLETE); index 18 -> $0A6F No Intermission Exit (COMPLETE); index 19 -> $0A6F No Intermission Exit (COMPLETE); index 20 -> $0A6F No Intermission Exit (COMPLETE)
DATA_087,$0EF9,$0EFC,$0EFB,3,InlinePayload,108,RST $30 inline payload,verified reconstruction ownership,COMPLETE,rst30_delay_command_and_parameter,"RST $30 delayed-command record: encoded_delay=$8A (class=2, low6_count=10), command_id=4 -> $1000 ClearFruitSpriteTimedTask; parameter=$00. Scheduler stores three bytes at $4C90 and dispatches command through the $0247 table when due."
DATA_088,$0EFD,$1000,$0FFF,259,ClassifiedData,,bounded ROM consumer,verified reconstruction ownership,COMPLETE,fruit_level_descriptors_padding_and_rom0_checksum,"$0EFD-$0F3B contains 21 three-byte fruit descriptors selected by level (level index capped at $14): sprite/tile code, color code, and score-table selector written to $4DD4. $0F3C-$0FFD is zero-filled tail space outside the bounded fruit selector. $0FFE-$0FFF are the canonical bank-$0000-$0FFF checksum bytes $48,$36 used by the startup ROM test."
DATA_089,$100C,$100E,$100D,2,InlinePayload,4,RST $28 inline arguments,verified reconstruction ownership,COMPLETE,rst28_task_id_and_parameter,RST $28 queue arguments: task_id=28 -> $2C5E Hud Text Renderer Entry; parameter=$9B. First byte selects the 32-entry main task table at $23A8; second byte is supplied in B to the task.
DATA_090,$1014,$1016,$1015,2,InlinePayload,5,RST $28 inline arguments,verified reconstruction ownership,COMPLETE,rst28_task_id_and_parameter,RST $28 queue arguments: task_id=28 -> $2C5E Hud Text Renderer Entry; parameter=$A2. First byte selects the 32-entry main task table at $23A8; second byte is supplied in B to the task.
DATA_091,$1098,$109E,$109D,6,InlinePayload,103,RST $20 inline dispatch table,verified reconstruction ownership,COMPLETE,rst20_inline_dispatch_table,RST $20 little-endian dispatch table: index 0 -> $000C Utility Noop Return (COMPLETE); index 1 -> $10C0 EatenGhostEyesReturnToHouseControllers (COMPLETE); index 2 -> $10D2 EatenGhostEyesReturnToHouseControllers (COMPLETE)
DATA_092,$10A2,$10A8,$10A7,6,InlinePayload,104,RST $20 inline dispatch table,verified reconstruction ownership,COMPLETE,rst20_inline_dispatch_table,RST $20 little-endian dispatch table: index 0 -> $000C Utility Noop Return (COMPLETE); index 1 -> $1118 EatenGhostEyesReturnToHouseControllers (COMPLETE); index 2 -> $112A EatenGhostEyesReturnToHouseControllers (COMPLETE)
DATA_093,$10AC,$10B4,$10B3,8,InlinePayload,105,RST $20 inline dispatch table,verified reconstruction ownership,COMPLETE,rst20_inline_dispatch_table,RST $20 little-endian dispatch table: index 0 -> $000C Utility Noop Return (COMPLETE); index 1 -> $115C EatenGhostEyesReturnToHouseControllers (COMPLETE); index 2 -> $116E EatenGhostEyesReturnToHouseControllers (COMPLETE); index 3 -> $118F EatenGhostEyesReturnToHouseControllers (COMPLETE)
DATA_094,$10B8,$10C0,$10BF,8,InlinePayload,106,RST $20 inline dispatch table,verified reconstruction ownership,COMPLETE,rst20_inline_dispatch_table,RST $20 little-endian dispatch table: index 0 -> $000C Utility Noop Return (COMPLETE); index 1 -> $11C9 EatenGhostEyesReturnToHouseControllers (COMPLETE); index 2 -> $11DB EatenGhostEyesReturnToHouseControllers (COMPLETE); index 3 -> $11FC EatenGhostEyesReturnToHouseControllers (COMPLETE)
DATA_095,$1239,$123F,$123E,6,InlinePayload,107,RST $20 inline dispatch table,verified reconstruction ownership,COMPLETE,rst20_inline_dispatch_table,RST $20 little-endian dispatch table: index 0 -> $123F EatenGhostPointSpriteAndDelaySetup (COMPLETE); index 1 -> $000C Utility Noop Return (COMPLETE); index 2 -> $123F EatenGhostPointSpriteAndDelaySetup (COMPLETE)
DATA_096,$126F,$1272,$1271,3,InlinePayload,109,RST $30 inline payload,verified reconstruction ownership,COMPLETE,rst30_delay_command_and_parameter,"RST $30 delayed-command record: encoded_delay=$4A (class=1, low6_count=10), command_id=3 -> $1272 IncrementEatenGhostAnimationStateTimedTask; parameter=$00. Scheduler stores three bytes at $4C90 and dispatches command through the $0247 table when due."
DATA_097,$1295,$12B7,$12B6,34,InlinePayload,102,RST $20 inline dispatch table,verified reconstruction ownership,COMPLETE,rst20_inline_dispatch_table,RST $20 little-endian dispatch table: index 0 -> $000C Utility Noop Return (COMPLETE); index 1 -> $12B7 PacmanDeathInitialPauseTimer (COMPLETE); index 2 -> $12B7 PacmanDeathInitialPauseTimer (COMPLETE); index 3 -> $12B7 PacmanDeathInitialPauseTimer (COMPLETE); index 4 -> $12B7 PacmanDeathInitialPauseTimer (COMPLETE); index 5 -> $12CB PacmanDeathAnimationFramesAndLifeTransition (COMPLETE); index 6 -> $12F9 PacmanDeathAnimationFramesAndLifeTransition (COMPLETE); index 7 -> $1306 PacmanDeathAnimationFramesAndLifeTransition (COMPLETE); index 8 -> $130E PacmanDeathAnimationFramesAndLifeTransition (COMPLETE); index 9 -> $1316 PacmanDeathAnimationFramesAndLifeTransition (COMPLETE); index 10 -> $131E PacmanDeathAnimationFramesAndLifeTransition (COMPLETE); index 11 -> $1326 PacmanDeathAnimationFramesAndLifeTransition (COMPLETE); index 12 -> $132E PacmanDeathAnimationFramesAndLifeTransition (COMPLETE); index 13 -> $1336 PacmanDeathAnimationFramesAndLifeTransition (COMPLETE); index 14 -> $133E PacmanDeathAnimationFramesAndLifeTransition (COMPLETE); index 15 -> $1346 PacmanDeathAnimationFramesAndLifeTransition (COMPLETE); index 16 -> $1353 PacmanDeathAnimationFramesAndLifeTransition (COMPLETE)
DATA_098,$1514,$151C,$151B,8,InlinePayload,2,RST $20 inline dispatch table,verified reconstruction ownership,COMPLETE,rst20_inline_dispatch_table,RST $20 little-endian dispatch table: index 0 -> $168C SelectPacmanRightFacingAnimationFrame (COMPLETE); index 1 -> $16B1 SelectPacmanDownFacingAnimationFrame (COMPLETE); index 2 -> $16D6 SelectPacmanLeftFacingAnimationFrameAndFlipAttribute (COMPLETE); index 3 -> $16F7 SelectPacmanUpFacingAnimationFrameAndFlipAttribute (COMPLETE)
DATA_099,$19C5,$19C8,$19C7,3,InlinePayload,119,RST $30 inline payload,verified reconstruction ownership,COMPLETE,rst30_delay_command_and_parameter,"RST $30 delayed-command record: encoded_delay=$54 (class=1, low6_count=20), command_id=5 -> $100B ClearFruitScoreSpriteTimedTask; parameter=$00. Scheduler stores three bytes at $4C90 and dispatches command through the $0247 table when due."
DATA_100,$1A40,$1A42,$1A41,2,InlinePayload,118,RST $28 inline arguments,verified reconstruction ownership,COMPLETE,rst28_task_id_and_parameter,RST $28 queue arguments: task_id=23 -> $28E3 ChoosePacmanAttractModeAutopilotDirection; parameter=$00. First byte selects the 32-entry main task table at $23A8; second byte is supplied in B to the task.
DATA_101,$1C06,$1C08,$1C07,2,InlinePayload,110,RST $28 inline arguments,verified reconstruction ownership,COMPLETE,rst28_task_id_and_parameter,RST $28 queue arguments: task_id=12 -> $283B ChooseBlinkyFrightenedDirection; parameter=$00. First byte selects the 32-entry main task table at $23A8; second byte is supplied in B to the task.
DATA_102,$1C17,$1C19,$1C18,2,InlinePayload,114,RST $28 inline arguments,verified reconstruction ownership,COMPLETE,rst28_task_id_and_parameter,RST $28 queue arguments: task_id=8 -> $2730 ChooseBlinkyTargetDirection; parameter=$00. First byte selects the 32-entry main task table at $23A8; second byte is supplied in B to the task.
DATA_103,$1CDD,$1CDF,$1CDE,2,InlinePayload,111,RST $28 inline arguments,verified reconstruction ownership,COMPLETE,rst28_task_id_and_parameter,RST $28 queue arguments: task_id=13 -> $2865 ChoosePinkyFrightenedDirection; parameter=$00. First byte selects the 32-entry main task table at $23A8; second byte is supplied in B to the task.
DATA_104,$1CEE,$1CF0,$1CEF,2,InlinePayload,115,RST $28 inline arguments,verified reconstruction ownership,COMPLETE,rst28_task_id_and_parameter,RST $28 queue arguments: task_id=9 -> $276C ChoosePinkyTargetDirection; parameter=$00. First byte selects the 32-entry main task table at $23A8; second byte is supplied in B to the task.
DATA_105,$1DB4,$1DB6,$1DB5,2,InlinePayload,112,RST $28 inline arguments,verified reconstruction ownership,COMPLETE,rst28_task_id_and_parameter,RST $28 queue arguments: task_id=14 -> $288F ChooseInkyFrightenedDirection; parameter=$00. First byte selects the 32-entry main task table at $23A8; second byte is supplied in B to the task.
DATA_106,$1DC5,$1DC7,$1DC6,2,InlinePayload,116,RST $28 inline arguments,verified reconstruction ownership,COMPLETE,rst28_task_id_and_parameter,RST $28 queue arguments: task_id=10 -> $27A9 ChooseInkyTargetDirection; parameter=$00. First byte selects the 32-entry main task table at $23A8; second byte is supplied in B to the task.
DATA_107,$1E8B,$1E8D,$1E8C,2,InlinePayload,113,RST $28 inline arguments,verified reconstruction ownership,COMPLETE,rst28_task_id_and_parameter,RST $28 queue arguments: task_id=15 -> $28B9 ChooseClydeFrightenedDirection; parameter=$00. First byte selects the 32-entry main task table at $23A8; second byte is supplied in B to the task.
DATA_108,$1E9C,$1E9E,$1E9D,2,InlinePayload,117,RST $28 inline arguments,verified reconstruction ownership,COMPLETE,rst28_task_id_and_parameter,RST $28 queue arguments: task_id=11 -> $27F1 ChooseClydeTargetDirection; parameter=$00. First byte selects the 32-entry main task table at $23A8; second byte is supplied in B to the task.
DATA_109,$1F9A,$2000,$1FFF,102,ClassifiedData,,bounded ROM consumer,verified reconstruction ownership,COMPLETE,rng_sampleable_zero_tail_and_rom1_checksum,"$1F9A-$1FFD is zero-filled ROM tail. It has no structured gameplay table consumer, but it lies inside the $0000-$1FFF address domain sampled by the frightened-mode pseudo-random routine at $2A23, so reads can legitimately return these zero bytes. $1FFE-$1FFF are checksum bytes $5D,$E1 for the $1000-$1FFF ROM bank."
DATA_110,$210C,$211A,$2119,14,InlinePayload,87,RST $20 inline dispatch table,verified reconstruction ownership,COMPLETE,rst20_inline_dispatch_table,RST $20 little-endian dispatch table: index 0 -> $211A FirstIntermissionState0ChaseUpdate (COMPLETE); index 1 -> $2140 FirstIntermissionState1PositionGate (COMPLETE); index 2 -> $214B FirstIntermissionState2EnergizerTurnSetup (COMPLETE); index 3 -> $000C Utility Noop Return (COMPLETE); index 4 -> $2170 FirstIntermissionState4BlinkyPositionGate (COMPLETE); index 5 -> $217B FirstIntermissionState5PacmanPositionGate (COMPLETE); index 6 -> $2186 FirstIntermissionState6Finish (COMPLETE)
DATA_111,$216A,$216D,$216C,3,InlinePayload,93,RST $30 inline payload,verified reconstruction ownership,COMPLETE,rst30_delay_command_and_parameter,"RST $30 delayed-command record: encoded_delay=$45 (class=1, low6_count=5), command_id=7 -> $212B First Intermission State Advance; parameter=$00. Scheduler stores three bytes at $4C90 and dispatches command through the $0247 table when due."
DATA_112,$2196,$2199,$2198,3,InlinePayload,94,RST $30 inline payload,verified reconstruction ownership,COMPLETE,rst30_delay_command_and_parameter,"RST $30 delayed-command record: encoded_delay=$45 (class=1, low6_count=5), command_id=0 -> $0894 Global State Advance; parameter=$00. Scheduler stores three bytes at $4C90 and dispatches command through the $0247 table when due."
DATA_113,$21A6,$21C2,$21C1,28,InlinePayload,88,RST $20 inline dispatch table,verified reconstruction ownership,COMPLETE,rst20_inline_dispatch_table,RST $20 little-endian dispatch table: index 0 -> $21C2 InitializeSecondIntermissionSceneTilesAndDelay (COMPLETE); index 1 -> $000C Utility Noop Return (COMPLETE); index 2 -> $21E1 ReleaseBlinkyAtSecondIntermissionPacmanThreshold (COMPLETE); index 3 -> $21F5 ChangeSecondIntermissionSpeedAtBlinkyPosition (COMPLETE); index 4 -> $220C DrawSecondIntermissionRipAnimationStageOne (COMPLETE); index 5 -> $221E DrawSecondIntermissionRipAnimationStageTwo (COMPLETE); index 6 -> $2244 DrawSecondIntermissionRipAnimationStageThree (COMPLETE); index 7 -> $225D ScheduleSecondIntermissionPauseAtBlinkyEdge (COMPLETE); index 8 -> $000C Utility Noop Return (COMPLETE); index 9 -> $226A AdvanceBlinkyAndDrawSecondIntermissionFinalRipStage (COMPLETE); index 10 -> $000C Utility Noop Return (COMPLETE); index 11 -> $2286 ScheduleSecondIntermissionFinalPause (COMPLETE); index 12 -> $000C Utility Noop Return (COMPLETE); index 13 -> $228D FinishSecondIntermissionAndResumeGameplay (COMPLETE)
DATA_114,$21DC,$21DF,$21DE,3,InlinePayload,95,RST $30 inline payload,verified reconstruction ownership,COMPLETE,rst30_delay_command_and_parameter,"RST $30 delayed-command record: encoded_delay=$43 (class=1, low6_count=3), command_id=8 -> $21F0 Second Intermission State Advance; parameter=$00. Scheduler stores three bytes at $4C90 and dispatches command through the $0247 table when due."
DATA_115,$2265,$2268,$2267,3,InlinePayload,96,RST $30 inline payload,verified reconstruction ownership,COMPLETE,rst30_delay_command_and_parameter,"RST $30 delayed-command record: encoded_delay=$4F (class=1, low6_count=15), command_id=8 -> $21F0 Second Intermission State Advance; parameter=$00. Scheduler stores three bytes at $4C90 and dispatches command through the $0247 table when due."
DATA_116,$2280,$2283,$2282,3,InlinePayload,97,RST $30 inline payload,verified reconstruction ownership,COMPLETE,rst30_delay_command_and_parameter,"RST $30 delayed-command record: encoded_delay=$4A (class=1, low6_count=10), command_id=8 -> $21F0 Second Intermission State Advance; parameter=$00. Scheduler stores three bytes at $4C90 and dispatches command through the $0247 table when due."
DATA_117,$2287,$228A,$2289,3,InlinePayload,98,RST $30 inline payload,verified reconstruction ownership,COMPLETE,rst30_delay_command_and_parameter,"RST $30 delayed-command record: encoded_delay=$54 (class=1, low6_count=20), command_id=8 -> $21F0 Second Intermission State Advance; parameter=$00. Scheduler stores three bytes at $4C90 and dispatches command through the $0247 table when due."
DATA_118,$229B,$22A7,$22A6,12,InlinePayload,89,RST $20 inline dispatch table,verified reconstruction ownership,COMPLETE,rst20_inline_dispatch_table,RST $20 little-endian dispatch table: index 0 -> $22A7 ReleaseBlinkyAtThirdIntermissionPacmanThreshold (COMPLETE); index 1 -> $22BE WrapBlinkyAndRequestThirdIntermissionReversal (COMPLETE); index 2 -> $000C Utility Noop Return (COMPLETE); index 3 -> $22DD GateThirdIntermissionAtFirstBlinkyTileThreshold (COMPLETE); index 4 -> $22F5 GateThirdIntermissionAtSecondBlinkyTileThreshold (COMPLETE); index 5 -> $22FE FinishThirdIntermissionAndResumeGameplay (COMPLETE)
DATA_119,$22D8,$22DB,$22DA,3,InlinePayload,99,RST $30 inline payload,verified reconstruction ownership,COMPLETE,rst30_delay_command_and_parameter,"RST $30 delayed-command record: encoded_delay=$4A (class=1, low6_count=10), command_id=9 -> $22B9 Third Intermission State Advance; parameter=$00. Scheduler stores three bytes at $4C90 and dispatches command through the $0247 table when due."
DATA_120,$2303,$2306,$2305,3,InlinePayload,100,RST $30 inline payload,verified reconstruction ownership,COMPLETE,rst30_delay_command_and_parameter,"RST $30 delayed-command record: encoded_delay=$45 (class=1, low6_count=5), command_id=0 -> $0894 Global State Advance; parameter=$00. Scheduler stores three bytes at $4C90 and dispatches command through the $0247 table when due."
DATA_121,$23A8,$23E8,$23E7,64,InlinePayload,9,RST $20 inline dispatch table,verified reconstruction ownership,COMPLETE,rst20_inline_dispatch_table,RST $20 little-endian dispatch table: index 0 -> $23ED Utility Dispatch Load Argument (COMPLETE); index 1 -> $24D7 SelectMazeColorAndEndLevelFlashPalette (COMPLETE); index 2 -> $2419 DecodeMazeCommandStreamIntoVideoRam (COMPLETE); index 3 -> $2448 DrawPelletsFromOccupancyBitfield (COMPLETE); index 4 -> $253D InitializePacmanAndGhostGameplayStateBlock (COMPLETE); index 5 -> $268B ResetGhostHouseCounterAndOptionalBlinkyRelease (COMPLETE); index 6 -> $240D ColorRamClearSetup (COMPLETE); index 7 -> $2698 InitializeDemoCreditModeState (COMPLETE); index 8 -> $2730 ChooseBlinkyTargetDirection (COMPLETE); index 9 -> $276C ChoosePinkyTargetDirection (COMPLETE); index 10 -> $27A9 ChooseInkyTargetDirection (COMPLETE); index 11 -> $27F1 ChooseClydeTargetDirection (COMPLETE); index 12 -> $283B ChooseBlinkyFrightenedDirection (COMPLETE); index 13 -> $2865 ChoosePinkyFrightenedDirection (COMPLETE); index 14 -> $288F ChooseInkyFrightenedDirection (COMPLETE); index 15 -> $28B9 ChooseClydeFrightenedDirection (COMPLETE); index 16 -> $000D SetupDifficultyFromTaskParameter (COMPLETE); index 17 -> $26A2 ClearGameplayWorkRamStateBlock (COMPLETE); index 18 -> $24C9 State Field Clear Routine (COMPLETE); index 19 -> $2A35 EraseMazePelletsAndEnergizersFromVideoRam (COMPLETE); index 20 -> $26D0 DecodeDipSwitchGameConfiguration (COMPLETE); index 21 -> $2487 Map Bitfield Builder (COMPLETE); index 22 -> $23E8 Utility Increment Counter Load (COMPLETE); index 23 -> $28E3 ChoosePacmanAttractModeAutopilotDirection (COMPLETE); index 24 -> $2AE0 SelectPlayerScoreAndPrepareDigitRendering (COMPLETE); index 25 -> $2A5A AddGameplayScoreAndUpdateHighScore (COMPLETE); index 26 -> $2B6A Maze Preparation Mode Gate (COMPLETE); index 27 -> $2BEA DrawLevelFruitHistoryHud (COMPLETE); index 28 -> $2C5E Hud Text Renderer Entry (COMPLETE); index 29 -> $2BA1 Credit Display Dispatch (COMPLETE); index 30 -> $2675 Intermission Actor Clear (COMPLETE); index 31 -> $26B2 RenderCreditCountDigits (COMPLETE)
DATA_122,$23EF,$23F3,$23F2,4,InlinePayload,68,RST $20 inline dispatch table,verified reconstruction ownership,COMPLETE,rst20_inline_dispatch_table,RST $20 little-endian dispatch table: index 0 -> $23F3 FullScreenVideoRamClearSetup (COMPLETE); index 1 -> $2400 MazeVideoRamClearSetup (COMPLETE)
DATA_123,$2728,$2730,$272F,8,ClassifiedData,,bounded ROM consumer,verified reconstruction ownership,COMPLETE,bonus_life_and_difficulty_dip_lookup_tables,"$2728-$272B maps the bonus-life DIP selection to packed values 10, 15, 20 (thousand points) or $FF for no bonus life. $272C-$272F stores two little-endian pointers, $0068 and $007D, selecting the normal or hard level-difficulty progression table."
DATA_124,$2B17,$2B33,$2B32,28,ClassifiedData,,ROM pointer target only,verified reconstruction ownership,COMPLETE,item_and_fruit_score_increment_table_14x16bit_bcd,"Fourteen two-byte packed-BCD score increments indexed by the item code at $2A60 via RST $18: dot=10, energizer=50, frightened ghosts=200/400/800/1600, then fruit values 100/300/500/700/1000/2000/3000/5000. Values are added digitwise to the current player score."
DATA_125,$2B73,$2B78,$2B77,5,InlinePayload,69,CALL $2BCD inline five-byte payload,verified reconstruction ownership,COMPLETE,rectangle_color_fill_descriptor,"Inline descriptor consumed by $2BCD: destination=$4412, color=$09, row_length=10, row_count=2. This call colors the bottom HUD rows; historical same-address documentation confirms the five fields."
DATA_126,$2C44,$2C5E,$2C5D,26,ClassifiedData,,bounded ROM consumer,verified reconstruction ownership,COMPLETE,dormant_unreferenced_binary_byte_to_packed_bcd_routine_bytes,"This 26-byte region decodes cleanly as a Z80 helper that converts an 8-bit binary value in A to packed BCD: it DAA-normalizes the low nibble, reduces the high nibble, repeatedly adds BCD $16, combines both contributions with DAA, and returns. No certified reachable call/jump enters $2C44, so byte ownership remains non-code; the semantic documentation records the dormant code-shaped payload without changing execution authority."
DATA_127,$2D85,$2DA5,$2DA4,32,InlinePayload,90,RST $20 inline dispatch table,verified reconstruction ownership,COMPLETE,rst20_inline_dispatch_table,RST $20 little-endian dispatch table: index 0 -> $2F55 Command Handler Pointer Replace (COMPLETE); index 1 -> $2F65 Command Handler Field3 (COMPLETE); index 2 -> $2F77 Command Handler Field4 (COMPLETE); index 3 -> $2F89 Command Handler Field9 (COMPLETE); index 4 -> $2F9B Command Handler Field11 (COMPLETE); index 5 -> $000C Utility Noop Return (COMPLETE); index 6 -> $000C Utility Noop Return (COMPLETE); index 7 -> $000C Utility Noop Return (COMPLETE); index 8 -> $000C Utility Noop Return (COMPLETE); index 9 -> $000C Utility Noop Return (COMPLETE); index 10 -> $000C Utility Noop Return (COMPLETE); index 11 -> $000C Utility Noop Return (COMPLETE); index 12 -> $000C Utility Noop Return (COMPLETE); index 13 -> $000C Utility Noop Return (COMPLETE); index 14 -> $000C Utility Noop Return (COMPLETE); index 15 -> $2FAD Command Handler Reset (COMPLETE)
DATA_128,$2F02,$2F22,$2F21,32,InlinePayload,101,RST $20 inline dispatch table,verified reconstruction ownership,COMPLETE,rst20_inline_dispatch_table,RST $20 little-endian dispatch table: index 0 -> $2F22 Board Handler Value Read (COMPLETE); index 1 -> $2F26 Board Handler Countdown Direct (COMPLETE); index 2 -> $2F2B Board Handler Countdown Every2 (COMPLETE); index 3 -> $2F3C Board Handler Countdown Every4 (COMPLETE); index 4 -> $2F43 Board Handler Countdown Every8 (COMPLETE); index 5 -> $2F4A Board Handler Noop0 (COMPLETE); index 6 -> $2F4B Board Handler Noop1 (COMPLETE); index 7 -> $2F4C Board Handler Noop2 (COMPLETE); index 8 -> $2F4D Board Handler Noop3 (COMPLETE); index 9 -> $2F4E Board Handler Noop4 (COMPLETE); index 10 -> $2F4F Board Handler Noop5 (COMPLETE); index 11 -> $2F50 Board Handler Noop6 (COMPLETE); index 12 -> $2F51 Board Handler Noop7 (COMPLETE); index 13 -> $2F52 Board Handler Noop8 (COMPLETE); index 14 -> $2F53 Board Handler Noop9 (COMPLETE); index 15 -> $2F54 Board Handler Noop10 (COMPLETE)
DATA_129,$2FBA,$3000,$2FFF,70,ClassifiedData,,bounded ROM consumer,verified reconstruction ownership,COMPLETE,rom2_zero_fill_tail_and_checksum_bytes,"$2FBA-$2FFD is zero-filled unused tail of the $2000-$2FFF program ROM bank. $2FFE-$2FFF are checksum bytes $83,$4C consumed by the startup ROM integrity test at $3000."
DATA_130,$3154,$3155,$3154,1,ClassifiedData,,ROM pointer target only,verified reconstruction ownership,COMPLETE,startup_ram_test_descriptor_table_first_byte,First byte of the 24-byte startup RAM-test descriptor table at $3154-$316B. $3042 deliberately sets SP=$3154 and POPs six 4-byte descriptors: a 16-bit target base plus nibble mask and repeat count. This byte is the low byte of the first target $4C00; the table continues through DATA_131.
DATA_131,$3155,$316C,$316B,23,ProvenUnused,0,exact preserved unused byte,verified reconstruction ownership,COMPLETE,startup_ram_test_descriptor_table_remainder,"Remainder of the active six-record startup RAM-test descriptor table begun at $3154. Records test low/high nibbles of work RAM $4C00, video RAM $4000, and color RAM $4400 with masks $0F/$F0 and count $04. $3042 consumes this tail indirectly by setting SP=$3154 and POPping successive words; this description records the indirect consumer without changing the source bytes."
DATA_132,$316C,$3174,$3173,8,ClassifiedData,,proven ROM data use,verified reconstruction ownership,COMPLETE,startup_memory_error_glyph_pair_table,"Four two-byte glyph pairs used by the startup memory-test failure renderer: $4F40 (""O ""), $4157 (""AW""), $4156 (""AV""), and $4143 (""AC""). $310C/$3113/$311A/$311F select these pairs to complete the BAD ROM/WRAM/VRAM/CRAM diagnostic text."
DATA_133,$32F9,$330D,$330C,20,ClassifiedData,,bounded ROM consumer,verified reconstruction ownership,COMPLETE,bonus_display_digits_and_direction_delta_tables,"$32F9-$32FE holds the service/options bonus-life display digit pairs ""10"", ""15"", and ""20"". $32FF-$3306 is the primary four-entry signed tile delta table (right=00,FF; down=01,00; left=00,01; up=FF,00). $3307-$330C contains the first three entries of a second identical direction table used by movement/orientation logic; its final up vector is DATA_134."
DATA_134,$330D,$330F,$330E,2,ProvenUnused,1,exact preserved unused byte,verified reconstruction ownership,COMPLETE,secondary_direction_delta_table_up_vector,"Final two-byte signed up vector $FF,$00 of the duplicate four-direction tile-delta table at $3307-$330E. Multiple movement and direction-selection paths index the table as two bytes per orientation; this span is semantically part of that table even though the isolated tail is stored in an otherwise unused source span."
DATA_135,$330F,$35B2,$35B1,675,ClassifiedData,,bounded ROM consumer,verified reconstruction ownership,COMPLETE,difficulty_speed_motion_records_and_compressed_maze_tile_stream,"$330F-$3434 is seven 42-byte difficulty records. Each record contains 16 speed bit-pattern bytes, 12 ghost movement bit-pattern bytes, and 14 orientation/scatter-chase timing bytes copied into runtime difficulty state. $3435-$35B1 is the zero-terminated Pac-Man maze tile stream consumed at $2419: positive control bytes advance the VRAM cursor by a skip count and are followed by a tile byte; bytes with bit 7 set are literal tile bytes at the next cell. The renderer also writes the mirrored counterpart/color relationship, reconstructing the symmetric maze."
DATA_136,$35B2,$35B5,$35B4,3,ProvenUnused,2,exact preserved unused byte,verified reconstruction ownership,COMPLETE,maze_table_to_pellet_table_alignment_padding,Three zero bytes between the zero-terminated maze tile stream ending before $35B2 and the pellet positional-delta table beginning at $35B5. No live consumer reads these alignment/padding bytes.
DATA_137,$35B5,$36D5,$36D4,288,ClassifiedData,,proven ROM data use,verified reconstruction ownership,COMPLETE,maze_pellet_delta_records_and_text_pointer_table_head,"$35B5-$36A4 is exactly 30 groups of eight positive positional deltas. The pellet renderer walks those deltas while rotating each of the 30 pellet-bitfield bytes at $4E16-$4E33, placing a pellet tile when the corresponding bit is set; the inverse routine rebuilds the bitfield from VRAM. $36A5-$36D4 is the first 24 little-endian entries of the 55-entry DrawText descriptor pointer table (text IDs $00-$17)."
DATA_138,$36D5,$36DB,$36DA,6,ProvenUnused,3,exact preserved unused byte,verified reconstruction ownership,COMPLETE,reserved_unused_drawtext_pointer_ids_18_to_1a,"Three little-endian DrawText pointer-table entries for IDs $18,$19,$1A contain $0001,$0002,$0003. They are explicit reserved/unused slots between the active $00-$17 and $1B-$36 text IDs, not arbitrary padding."
DATA_139,$36DB,$3721,$3720,70,ClassifiedData,,proven ROM data use,verified reconstruction ownership,COMPLETE,drawtext_pointer_table_tail_and_high_score_descriptor_core,"$36DB-$3712 is the remaining 28 little-endian DrawText pointers for IDs $1B-$36, covering score legends, service diagnostics/settings, ghost names/nicknames, placeholders, and PAC-MAN title text. $3713-$3720 begins text ID $00 HIGH SCORE: VRAM offset $83D4, encoded glyph string HIGH SCORE, terminator $2F, and single-color byte $8F. Its unconsumed legacy trailer is DATA_140."
DATA_140,$3721,$3723,$3722,2,ProvenUnused,4,exact preserved unused byte,verified reconstruction ownership,COMPLETE,drawtext_descriptor_unconsumed_trailer,"$3721-$3722 is the two-byte trailer immediately following a live DrawText descriptor. The preceding descriptor uses a negative (bit-7-set) single-color control byte, so the renderer returns after filling the color and does not consume this trailing $2F/$80-style pair; it is retained for byte-faithful source reconstruction."
DATA_141,$3723,$3730,$372F,13,ClassifiedData,,proven ROM data use,verified reconstruction ownership,COMPLETE,drawtext_credit_descriptor,"DrawText ID $01. Encoded descriptor at $3723: screen offset $803B, glyphs ""CREDIT "", terminator $2F, single-color code $8F."
DATA_142,$3730,$3732,$3731,2,ProvenUnused,5,exact preserved unused byte,verified reconstruction ownership,COMPLETE,drawtext_descriptor_unconsumed_trailer,"$3730-$3731 is the two-byte trailer immediately following a live DrawText descriptor. The preceding descriptor uses a negative (bit-7-set) single-color control byte, so the renderer returns after filling the color and does not consume this trailing $2F/$80-style pair; it is retained for byte-faithful source reconstruction."
DATA_143,$3732,$373F,$373E,13,ClassifiedData,,proven ROM data use,verified reconstruction ownership,COMPLETE,drawtext_free_play_descriptor,"DrawText ID $02. Screen offset $803B, glyphs ""FREE PLAY"", terminator $2F, single-color code $8F."
DATA_144,$373F,$3741,$3740,2,ProvenUnused,6,exact preserved unused byte,verified reconstruction ownership,COMPLETE,drawtext_descriptor_unconsumed_trailer,"$373F-$3740 is the two-byte trailer immediately following a live DrawText descriptor. The preceding descriptor uses a negative (bit-7-set) single-color control byte, so the renderer returns after filling the color and does not consume this trailing $2F/$80-style pair; it is retained for byte-faithful source reconstruction."
DATA_145,$3741,$374F,$374E,14,ClassifiedData,,proven ROM data use,verified reconstruction ownership,COMPLETE,drawtext_player_one_descriptor,"DrawText ID $03. Screen offset $028C, glyphs ""PLAYER ONE"", terminator $2F, single-color code $85. Because the color has bit 7 set, DrawText fills all characters with that one color and returns; the legacy color-list tail is DATA_146."
DATA_146,$374F,$375A,$3759,11,ProvenUnused,7,exact preserved unused byte,verified reconstruction ownership,COMPLETE,player_one_unconsumed_legacy_color_list_tail,"Bytes following the live PLAYER ONE descriptor: $2F,$10,$10,$1A,$1A,$1A,$1A,$1A,$1A,$10,$10. The live descriptor already supplied negative single-color byte $85, so DrawText fills one color and returns before this list; these are retained legacy/per-character color-list bytes, not live characters."
DATA_147,$375A,$3768,$3767,14,ClassifiedData,,proven ROM data use,verified reconstruction ownership,COMPLETE,drawtext_player_two_descriptor,"DrawText ID $04. Screen offset $028C, glyphs ""PLAYER TWO"", terminator $2F, single-color code $85."
DATA_148,$3768,$376A,$3769,2,ProvenUnused,8,exact preserved unused byte,verified reconstruction ownership,COMPLETE,drawtext_descriptor_unconsumed_trailer,"$3768-$3769 is the two-byte trailer immediately following a live DrawText descriptor. The preceding descriptor uses a negative (bit-7-set) single-color control byte, so the renderer returns after filling the color and does not consume this trailing $2F/$80-style pair; it is retained for byte-faithful source reconstruction."
DATA_149,$376A,$3778,$3777,14,ClassifiedData,,proven ROM data use,verified reconstruction ownership,COMPLETE,drawtext_game_over_descriptor,"DrawText ID $05. Screen offset $0292, glyphs ""GAME OVER"", terminator $2F, single-color code $81."
DATA_150,$3778,$377A,$3779,2,ProvenUnused,9,exact preserved unused byte,verified reconstruction ownership,COMPLETE,drawtext_descriptor_unconsumed_trailer,"$3778-$3779 is the two-byte trailer immediately following a live DrawText descriptor. The preceding descriptor uses a negative (bit-7-set) single-color control byte, so the renderer returns after filling the color and does not consume this trailing $2F/$80-style pair; it is retained for byte-faithful source reconstruction."
DATA_151,$377A,$3784,$3783,10,ClassifiedData,,proven ROM data use,verified reconstruction ownership,COMPLETE,drawtext_ready_descriptor,"DrawText ID $06. Screen offset $0252, glyphs ""READY!"" (tile $5B is the exclamation glyph in this character set), terminator $2F, single-color code $89."
DATA_152,$3784,$3786,$3785,2,ProvenUnused,10,exact preserved unused byte,verified reconstruction ownership,COMPLETE,drawtext_descriptor_unconsumed_trailer,"$3784-$3785 is the two-byte trailer immediately following a live DrawText descriptor. The preceding descriptor uses a negative (bit-7-set) single-color control byte, so the renderer returns after filling the color and does not consume this trailing $2F/$80-style pair; it is retained for byte-faithful source reconstruction."
DATA_153,$3786,$379B,$379A,21,ClassifiedData,,proven ROM data use,verified reconstruction ownership,COMPLETE,drawtext_push_start_button_descriptor,"DrawText ID $07. Screen offset $02EE in the canonical bytes, glyphs ""PUSH START BUTTON"", terminator $2F, single-color code $87."
DATA_154,$379B,$379D,$379C,2,ProvenUnused,11,exact preserved unused byte,verified reconstruction ownership,COMPLETE,drawtext_descriptor_unconsumed_trailer,"$379B-$379C is the two-byte trailer immediately following a live DrawText descriptor. The preceding descriptor uses a negative (bit-7-set) single-color control byte, so the renderer returns after filling the color and does not consume this trailing $2F/$80-style pair; it is retained for byte-faithful source reconstruction."
DATA_155,$379D,$37AF,$37AE,18,ClassifiedData,,proven ROM data use,verified reconstruction ownership,COMPLETE,drawtext_one_player_only_descriptor,"DrawText ID $08. Screen offset $02B2, glyphs ""1 PLAYER ONLY "", terminator $2F, single-color code $85."
DATA_156,$37AF,$37B1,$37B0,2,ProvenUnused,12,exact preserved unused byte,verified reconstruction ownership,COMPLETE,drawtext_descriptor_unconsumed_trailer,"$37AF-$37B0 is the two-byte trailer immediately following a live DrawText descriptor. The preceding descriptor uses a negative (bit-7-set) single-color control byte, so the renderer returns after filling the color and does not consume this trailing $2F/$80-style pair; it is retained for byte-faithful source reconstruction."
DATA_157,$37B1,$37C3,$37C2,18,ClassifiedData,,proven ROM data use,verified reconstruction ownership,COMPLETE,drawtext_one_or_two_players_descriptor,"DrawText ID $09. Screen offset $02B2, glyphs ""1 OR 2 PLAYERS"", terminator $2F, single-color code $85."
DATA_158,$37C3,$37DB,$37DA,24,ProvenUnused,13,exact preserved unused byte,verified reconstruction ownership,COMPLETE,unused_legacy_bonus_puckman_prompt_head,"Unreferenced legacy descriptor fragment: leading terminator/padding followed by screen offset $0396 and glyphs ""BONUS PUCKMAN FOR"". DATA_159 and DATA_160 continue the same orphaned Puckman-era bonus prompt. It has no live pointer in the canonical DrawText table."
DATA_159,$37DB,$37DD,$37DC,2,ClassifiedData,,proven ROM data use,verified reconstruction ownership,COMPLETE,unused_legacy_bonus_prompt_middle_spaces,"Two $40 space glyphs in the orphaned legacy ""BONUS PUCKMAN FOR 000"" descriptor spanning DATA_158-DATA_160. They are preserved source bytes from an unreferenced Puckman-era prompt, not a live standalone object."
DATA_160,$37DD,$37E9,$37E8,12,ProvenUnused,14,exact preserved unused byte,verified reconstruction ownership,COMPLETE,unused_legacy_bonus_puckman_prompt_tail,"Tail of the orphaned legacy ""BONUS PUCKMAN FOR 000"" descriptor: spaces, ""000"", bonus icon glyphs $5D/$5E/$5F, terminator/color bytes, and a final unused trailer. It is preserved but not selected by the live DrawText table."
DATA_161,$37E9,$37EB,$37EA,2,ClassifiedData,,proven ROM data use,verified reconstruction ownership,COMPLETE,unused_legacy_copyright_descriptor_header,"Two-byte screen-offset word $02BA beginning an unreferenced legacy copyright/glyph descriptor whose remaining bytes are in DATA_162. The descriptor displays a copyright symbol sequence and ""1980"" but has no live DrawText pointer in this ROM."
DATA_162,$37EB,$37FD,$37FC,18,ProvenUnused,15,exact preserved unused byte,verified reconstruction ownership,COMPLETE,unused_legacy_copyright_descriptor_body,"Body of the unreferenced descriptor begun in DATA_161: copyright/decorative glyph bytes followed by "" 1980"", terminator $2F, color $83, and trailer $2F,$80. No live DrawText ID points to it."
DATA_163,$37FD,$3815,$3814,24,ClassifiedData,,proven ROM data use,verified reconstruction ownership,COMPLETE,drawtext_character_nickname_heading_descriptor,"DrawText ID $0C. Screen offset $02C3, glyphs ""CHARACTER: NICKNAME"", terminator $2F, single-color code $8F."
DATA_164,$3815,$384C,$384B,55,ProvenUnused,16,exact preserved unused byte,verified reconstruction ownership,COMPLETE,unused_alternate_japanese_ghost_name_descriptors,"Unreferenced legacy/alternate ghost-name descriptors preserved after the CHARACTER:NICKNAME heading: AKABEI, MACKY, PINKY, and MICKY, each with screen offsets, decorative glyphs, terminator/color bytes, and trailers. The canonical Pac-Man DrawText table instead points to BLINKY/PINKY/INKY/CLYDE descriptors in the $3Dxx region."
DATA_165,$384C,$3858,$3857,12,ClassifiedData,,proven ROM data use,verified reconstruction ownership,COMPLETE,drawtext_pellet_ten_points_legend_descriptor,"DrawText ID $11. Pellet symbol followed by "" 10 "" and fruit/score glyphs, terminating with $2F and color $9F; this is the attract/service 10-point pellet legend."
DATA_166,$3858,$385A,$3859,2,ProvenUnused,17,exact preserved unused byte,verified reconstruction ownership,COMPLETE,drawtext_descriptor_unconsumed_trailer,"$3858-$3859 is the two-byte trailer immediately following a live DrawText descriptor. The preceding descriptor uses a negative (bit-7-set) single-color control byte, so the renderer returns after filling the color and does not consume this trailing $2F/$80-style pair; it is retained for byte-faithful source reconstruction."
DATA_167,$385A,$3866,$3865,12,ClassifiedData,,proven ROM data use,verified reconstruction ownership,COMPLETE,drawtext_energizer_fifty_points_legend_descriptor,"DrawText ID $12. Energizer symbol followed by "" 50 "" and score glyphs, terminating with $2F and color $9F; this is the 50-point power-pellet legend."
DATA_168,$3866,$38BC,$38BB,86,ProvenUnused,18,exact preserved unused byte,verified reconstruction ownership,COMPLETE,unused_alternate_japanese_ghost_nickname_descriptors,"Unreferenced legacy/alternate nickname descriptors: OIKAKE, URCHIN, MACHIBUSE, and ROMP, with their DrawText offsets/control bytes. They are preserved source data but not pointed to by the canonical active text-ID table."
DATA_169,$38BC,$38C2,$38C1,6,ClassifiedData,,proven ROM data use,verified reconstruction ownership,COMPLETE,drawtext_score_value_100_descriptor,"DrawText score-value descriptor selected by text IDs $1B-$22. Its custom score glyph sequence renders 100 points using Pac-Man score/number tiles, followed by terminator $2F and single-color code $83."
DATA_170,$38C2,$38C4,$38C3,2,ProvenUnused,19,exact preserved unused byte,verified reconstruction ownership,COMPLETE,drawtext_descriptor_unconsumed_trailer,"$38C2-$38C3 is the two-byte trailer immediately following a live DrawText descriptor. The preceding descriptor uses a negative (bit-7-set) single-color control byte, so the renderer returns after filling the color and does not consume this trailing $2F/$80-style pair; it is retained for byte-faithful source reconstruction."
DATA_171,$38C4,$38CC,$38CB,8,ClassifiedData,,proven ROM data use,verified reconstruction ownership,COMPLETE,drawtext_score_value_300_descriptor,"DrawText score-value descriptor selected by text IDs $1B-$22. Its custom score glyph sequence renders 300 points using Pac-Man score/number tiles, followed by terminator $2F and single-color code $83."
DATA_172,$38CC,$38CE,$38CD,2,ProvenUnused,20,exact preserved unused byte,verified reconstruction ownership,COMPLETE,drawtext_descriptor_unconsumed_trailer,"$38CC-$38CD is the two-byte trailer immediately following a live DrawText descriptor. The preceding descriptor uses a negative (bit-7-set) single-color control byte, so the renderer returns after filling the color and does not consume this trailing $2F/$80-style pair; it is retained for byte-faithful source reconstruction."
DATA_173,$38CE,$38D6,$38D5,8,ClassifiedData,,proven ROM data use,verified reconstruction ownership,COMPLETE,drawtext_score_value_500_descriptor,"DrawText score-value descriptor selected by text IDs $1B-$22. Its custom score glyph sequence renders 500 points using Pac-Man score/number tiles, followed by terminator $2F and single-color code $83."
DATA_174,$38D6,$38D8,$38D7,2,ProvenUnused,21,exact preserved unused byte,verified reconstruction ownership,COMPLETE,drawtext_descriptor_unconsumed_trailer,"$38D6-$38D7 is the two-byte trailer immediately following a live DrawText descriptor. The preceding descriptor uses a negative (bit-7-set) single-color control byte, so the renderer returns after filling the color and does not consume this trailing $2F/$80-style pair; it is retained for byte-faithful source reconstruction."
DATA_175,$38D8,$38E0,$38DF,8,ClassifiedData,,proven ROM data use,verified reconstruction ownership,COMPLETE,drawtext_score_value_700_descriptor,"DrawText score-value descriptor selected by text IDs $1B-$22. Its custom score glyph sequence renders 700 points using Pac-Man score/number tiles, followed by terminator $2F and single-color code $83."
DATA_176,$38E0,$38E2,$38E1,2,ProvenUnused,22,exact preserved unused byte,verified reconstruction ownership,COMPLETE,drawtext_descriptor_unconsumed_trailer,"$38E0-$38E1 is the two-byte trailer immediately following a live DrawText descriptor. The preceding descriptor uses a negative (bit-7-set) single-color control byte, so the renderer returns after filling the color and does not consume this trailing $2F/$80-style pair; it is retained for byte-faithful source reconstruction."
DATA_177,$38E2,$38EA,$38E9,8,ClassifiedData,,proven ROM data use,verified reconstruction ownership,COMPLETE,drawtext_score_value_1000_descriptor,"DrawText score-value descriptor selected by text IDs $1B-$22. Its custom score glyph sequence renders 1000 points using Pac-Man score/number tiles, followed by terminator $2F and single-color code $83."
DATA_178,$38EA,$38EC,$38EB,2,ProvenUnused,23,exact preserved unused byte,verified reconstruction ownership,COMPLETE,drawtext_descriptor_unconsumed_trailer,"$38EA-$38EB is the two-byte trailer immediately following a live DrawText descriptor. The preceding descriptor uses a negative (bit-7-set) single-color control byte, so the renderer returns after filling the color and does not consume this trailing $2F/$80-style pair; it is retained for byte-faithful source reconstruction."
DATA_179,$38EC,$38F4,$38F3,8,ClassifiedData,,proven ROM data use,verified reconstruction ownership,COMPLETE,drawtext_score_value_2000_descriptor,"DrawText score-value descriptor selected by text IDs $1B-$22. Its custom score glyph sequence renders 2000 points using Pac-Man score/number tiles, followed by terminator $2F and single-color code $83."
DATA_180,$38F4,$38F6,$38F5,2,ProvenUnused,24,exact preserved unused byte,verified reconstruction ownership,COMPLETE,drawtext_descriptor_unconsumed_trailer,"$38F4-$38F5 is the two-byte trailer immediately following a live DrawText descriptor. The preceding descriptor uses a negative (bit-7-set) single-color control byte, so the renderer returns after filling the color and does not consume this trailing $2F/$80-style pair; it is retained for byte-faithful source reconstruction."
DATA_181,$38F6,$38FE,$38FD,8,ClassifiedData,,proven ROM data use,verified reconstruction ownership,COMPLETE,drawtext_score_value_3000_descriptor,"DrawText score-value descriptor selected by text IDs $1B-$22. Its custom score glyph sequence renders 3000 points using Pac-Man score/number tiles, followed by terminator $2F and single-color code $83."
DATA_182,$38FE,$3900,$38FF,2,ProvenUnused,25,exact preserved unused byte,verified reconstruction ownership,COMPLETE,drawtext_descriptor_unconsumed_trailer,"$38FE-$38FF is the two-byte trailer immediately following a live DrawText descriptor. The preceding descriptor uses a negative (bit-7-set) single-color control byte, so the renderer returns after filling the color and does not consume this trailing $2F/$80-style pair; it is retained for byte-faithful source reconstruction."
DATA_183,$3900,$3908,$3907,8,ClassifiedData,,proven ROM data use,verified reconstruction ownership,COMPLETE,drawtext_score_value_5000_descriptor,"DrawText score-value descriptor selected by text IDs $1B-$22. Its custom score glyph sequence renders 5000 points using Pac-Man score/number tiles, followed by terminator $2F and single-color code $83."
DATA_184,$3908,$390A,$3909,2,ProvenUnused,26,exact preserved unused byte,verified reconstruction ownership,COMPLETE,drawtext_descriptor_unconsumed_trailer,"$3908-$3909 is the two-byte trailer immediately following a live DrawText descriptor. The preceding descriptor uses a negative (bit-7-set) single-color control byte, so the renderer returns after filling the color and does not consume this trailing $2F/$80-style pair; it is retained for byte-faithful source reconstruction."
DATA_185,$390A,$3918,$3917,14,ClassifiedData,,proven ROM data use,verified reconstruction ownership,COMPLETE,drawtext_memory_ok_descriptor,"DrawText ID $23. Screen offset $0304, glyphs ""MEMORY OK"", terminator $2F, color $8F; used by startup/service diagnostics."
DATA_186,$3918,$391A,$3919,2,ProvenUnused,27,exact preserved unused byte,verified reconstruction ownership,COMPLETE,drawtext_descriptor_unconsumed_trailer,"$3918-$3919 is the two-byte trailer immediately following a live DrawText descriptor. The preceding descriptor uses a negative (bit-7-set) single-color control byte, so the renderer returns after filling the color and does not consume this trailing $2F/$80-style pair; it is retained for byte-faithful source reconstruction."
DATA_187,$391A,$3928,$3927,14,ClassifiedData,,proven ROM data use,verified reconstruction ownership,COMPLETE,drawtext_bad_memory_descriptor,"DrawText ID $24. Screen offset $0304, glyphs ""BAD R M"", terminator $2F, color $8F; the startup test patches in the memory-region letters using the $316C glyph-pair table."
DATA_188,$3928,$392A,$3929,2,ProvenUnused,28,exact preserved unused byte,verified reconstruction ownership,COMPLETE,drawtext_descriptor_unconsumed_trailer,"$3928-$3929 is the two-byte trailer immediately following a live DrawText descriptor. The preceding descriptor uses a negative (bit-7-set) single-color control byte, so the renderer returns after filling the color and does not consume this trailing $2F/$80-style pair; it is retained for byte-faithful source reconstruction."
DATA_189,$392A,$393F,$393E,21,ClassifiedData,,proven ROM data use,verified reconstruction ownership,COMPLETE,drawtext_one_coin_one_credit_descriptor,"DrawText ID $26. Screen offset $0308, glyphs ""1 COIN 1 CREDIT "", terminator $2F, color $8F."
DATA_190,$393F,$3941,$3940,2,ProvenUnused,29,exact preserved unused byte,verified reconstruction ownership,COMPLETE,drawtext_descriptor_unconsumed_trailer,"$393F-$3940 is the two-byte trailer immediately following a live DrawText descriptor. The preceding descriptor uses a negative (bit-7-set) single-color control byte, so the renderer returns after filling the color and does not consume this trailing $2F/$80-style pair; it is retained for byte-faithful source reconstruction."
DATA_191,$3941,$3956,$3955,21,ClassifiedData,,proven ROM data use,verified reconstruction ownership,COMPLETE,drawtext_two_coins_one_credit_descriptor,"DrawText ID $28. Screen offset $0308, glyphs ""2 COINS 1 CREDIT "", terminator $2F, color $8F."
DATA_192,$3956,$3958,$3957,2,ProvenUnused,30,exact preserved unused byte,verified reconstruction ownership,COMPLETE,drawtext_descriptor_unconsumed_trailer,"$3956-$3957 is the two-byte trailer immediately following a live DrawText descriptor. The preceding descriptor uses a negative (bit-7-set) single-color control byte, so the renderer returns after filling the color and does not consume this trailing $2F/$80-style pair; it is retained for byte-faithful source reconstruction."
DATA_193,$3958,$396D,$396C,21,ClassifiedData,,proven ROM data use,verified reconstruction ownership,COMPLETE,drawtext_one_coin_two_credits_descriptor,"DrawText ID $27. Screen offset $0308, glyphs ""1 COIN 2 CREDITS"", terminator $2F, color $8F."
DATA_194,$396D,$396F,$396E,2,ProvenUnused,31,exact preserved unused byte,verified reconstruction ownership,COMPLETE,drawtext_descriptor_unconsumed_trailer,"$396D-$396E is the two-byte trailer immediately following a live DrawText descriptor. The preceding descriptor uses a negative (bit-7-set) single-color control byte, so the renderer returns after filling the color and does not consume this trailing $2F/$80-style pair; it is retained for byte-faithful source reconstruction."
DATA_195,$396F,$3984,$3983,21,ClassifiedData,,proven ROM data use,verified reconstruction ownership,COMPLETE,drawtext_service_free_play_descriptor,"DrawText ID $25. Screen offset $0308, glyphs ""FREE PLAY "", terminator $2F, color $8F; service/DIP pricing display."
DATA_196,$3984,$3986,$3985,2,ProvenUnused,32,exact preserved unused byte,verified reconstruction ownership,COMPLETE,drawtext_descriptor_unconsumed_trailer,"$3984-$3985 is the two-byte trailer immediately following a live DrawText descriptor. The preceding descriptor uses a negative (bit-7-set) single-color control byte, so the renderer returns after filling the color and does not consume this trailing $2F/$80-style pair; it is retained for byte-faithful source reconstruction."
DATA_197,$3986,$3995,$3994,15,ClassifiedData,,proven ROM data use,verified reconstruction ownership,COMPLETE,drawtext_bonus_none_descriptor,"DrawText ID $2A. Screen offset $030A, glyphs ""BONUS NONE"", terminator $2F, color $8F."
DATA_198,$3995,$3997,$3996,2,ProvenUnused,33,exact preserved unused byte,verified reconstruction ownership,COMPLETE,drawtext_descriptor_unconsumed_trailer,"$3995-$3996 is the two-byte trailer immediately following a live DrawText descriptor. The preceding descriptor uses a negative (bit-7-set) single-color control byte, so the renderer returns after filling the color and does not consume this trailing $2F/$80-style pair; it is retained for byte-faithful source reconstruction."
DATA_199,$3997,$39A1,$39A0,10,ClassifiedData,,proven ROM data use,verified reconstruction ownership,COMPLETE,drawtext_bonus_label_descriptor,"DrawText ID $2B. Screen offset $030A, glyphs ""BONUS "", terminator $2F, color $8F; numeric bonus digits are rendered separately."
DATA_200,$39A1,$39B0,$39AF,15,ProvenUnused,34,exact preserved unused byte,verified reconstruction ownership,COMPLETE,unused_legacy_puckman_title_descriptor,"Unreferenced legacy title descriptor containing ""PUCKMAN"" at screen offset $030C, bounded by $2F/$80 trailer bytes. The active text ID $29 points instead to the PAC-MAN title at $3E4F."
DATA_201,$39B0,$39BB,$39BA,11,ClassifiedData,,proven ROM data use,verified reconstruction ownership,COMPLETE,drawtext_table_descriptor,"DrawText ID $2C. Screen offset $030E, glyphs ""TABLE "", terminator $2F, color $8F; cabinet-mode service text."
DATA_202,$39BB,$39BD,$39BC,2,ProvenUnused,35,exact preserved unused byte,verified reconstruction ownership,COMPLETE,drawtext_descriptor_unconsumed_trailer,"$39BB-$39BC is the two-byte trailer immediately following a live DrawText descriptor. The preceding descriptor uses a negative (bit-7-set) single-color control byte, so the renderer returns after filling the color and does not consume this trailing $2F/$80-style pair; it is retained for byte-faithful source reconstruction."
DATA_203,$39BD,$39C8,$39C7,11,ClassifiedData,,proven ROM data use,verified reconstruction ownership,COMPLETE,drawtext_upright_descriptor,"DrawText ID $2D. Screen offset $030E, glyphs ""UPRIGHT"", terminator $2F, color $8F; cabinet-mode service text."
DATA_204,$39C8,$39CA,$39C9,2,ProvenUnused,36,exact preserved unused byte,verified reconstruction ownership,COMPLETE,drawtext_descriptor_unconsumed_trailer,"$39C8-$39C9 is the two-byte trailer immediately following a live DrawText descriptor. The preceding descriptor uses a negative (bit-7-set) single-color control byte, so the renderer returns after filling the color and does not consume this trailing $2F/$80-style pair; it is retained for byte-faithful source reconstruction."
DATA_205,$39CA,$39D1,$39D0,7,ClassifiedData,,proven ROM data use,verified reconstruction ownership,COMPLETE,drawtext_three_zero_digits_descriptor,"DrawText ID $2E. Screen offset $020A, glyphs ""000"", terminator $2F, color $8F; reusable numeric display fragment."
DATA_206,$39D1,$3A4F,$3A4E,126,ProvenUnused,37,exact preserved unused byte,verified reconstruction ownership,COMPLETE,unused_alternate_ghost_name_and_nickname_descriptors,"Unreferenced alternate/legacy DrawText descriptors containing AOSUKE, MUCKY, GUZUTA, MOCKY, KIMAGURE, STYLIST, OTOBOKE, and CRYBABY. Each includes its screen offset and color/control bytes; none is selected by the active canonical text pointer table."
DATA_207,$3A4F,$3AE3,$3AE2,148,ClassifiedData,,proven ROM data use,verified reconstruction ownership,COMPLETE,made_by_namco_pellet_delta_stream_plus_selftest_grid_first_byte,"$3A4F-$3AE1 is the zero-terminated positional-delta stream consumed by $3AF4 to draw the hidden ""MADE BY NAMCO"" easter egg using pellet tile $14. $3AE2 is the first byte of the next table ($4002), because the structural ownership split cuts through the startup self-test grid descriptor table; DATA_208 contains its remainder."
DATA_208,$3AE3,$3AF4,$3AF3,17,ProvenUnused,38,exact preserved unused byte,verified reconstruction ownership,COMPLETE,startup_selftest_grid_region_descriptor_table_remainder,"Remainder of the 18-byte startup screen-grid descriptor table starting at $3AE2. $3253 sets SP=$3AE2, then for three regions POPs HL/DE/BC triples defining video start/step/count parameters used to draw the service self-test grid. Older negative closure missed this stack-based consumption; DATA_207 contains the table first byte."
DATA_209,$3B08,$3B2E,$3B2D,38,ClassifiedData,,proven ROM data use,verified reconstruction ownership,COMPLETE,level_fruit_history_icon_tile_and_color_pairs_19x2,"Nineteen two-byte fruit-history descriptors used by $2BEA to draw the bottom-of-screen level/fruit history. Each pair is [2x2 fruit sprite/tile base, color]. Levels 0-6 draw the first N pairs; later levels display a sliding seven-fruit window, capped at level index $13, so bytes through $3B2D are the maximum consumed entries."
DATA_210,$3B2E,$3B30,$3B2F,2,ProvenUnused,39,exact preserved unused byte,verified reconstruction ownership,COMPLETE,unused_fruit_history_descriptor_after_level19_cap,"Two bytes $AC,$16 form one additional fruit tile/color pair immediately after the 19 live fruit-history pairs. The HUD routine caps its starting level index at $13 and its seven-entry window consumes only through $3B2D, so this extra pair is preserved legacy/unused data."
DATA_211,$3B30,$3BC0,$3BBF,144,CanonicalDataObject,0,system-root eight-record banks,verified reconstruction ownership,COMPLETE,sound_effect_descriptor_banks_duration_and_frequency_table_head,$3B30-$3B3F is channel-1 effect table (two 8-byte records); $3B40-$3B7F channel-2 effect table (eight 8-byte records); $3B80-$3BAF channel-3 effect table (six 8-byte records). $2DEE copies the selected 8-byte effect record into channel runtime state. $3BB0-$3BB7 is the eight-entry note-duration power-of-two lookup used by $2DC2. $3BB8-$3BBF is the first half of the 16-entry base-frequency lookup used by $2DD0; DATA_212 is its second half.
DATA_212,$3BC0,$3BC8,$3BC7,8,CanonicalDataObject,1,system-root motion lookup tails,verified reconstruction ownership,COMPLETE,sound_base_frequency_lookup_table_tail,"Second eight bytes of the 16-entry base-frequency/note lookup table beginning at $3BB8. The music sequencer masks a note command to four bits, indexes this table, and stores the resulting base frequency in the channel state."
DATA_213,$3BC8,$3CDE,$3CDD,278,ClassifiedData,,bounded ROM consumer,verified reconstruction ownership,COMPLETE,three_channel_song_pointer_tables_and_music_command_streams,"$3BC8-$3BD3 contains three two-entry little-endian song pointer tables: channel 1 -> $3BD4/$3BF3, channel 2 -> $3C58/$3C95, channel 3 -> $3CDE/$3CDF. $3BD4-$3CDD contains the channel-1 and channel-2 encoded music command streams. The sequencer at $2D44 advances stream pointers, treats bytes below $F0 as duration/note commands, and routes $F0-$FF control commands through its command dispatch. Channel-3 targets are immediate zero terminators in DATA_214."
DATA_214,$3CDE,$3D00,$3CFF,34,ProvenUnused,40,exact preserved unused byte,verified reconstruction ownership,COMPLETE,empty_channel3_song_stream_terminators_and_zero_padding,"$3CDE and $3CDF are the two song-stream targets in the channel-3 pointer table at $3BD0; each begins with $00, causing the channel-3 stream to be empty/terminated. $3CE0-$3CFF is zero padding with no further song data."
DATA_215,$3D00,$3D1F,$3D1E,31,ClassifiedData,,proven ROM data use,verified reconstruction ownership,COMPLETE,drawtext_bonus_pacman_for_points_descriptor,"DrawText ID $0A. Screen offset $0396, encoded ""BONUS PAC-MAN FOR 000"" plus bonus-life icon glyphs, terminator $2F and color $8E; used for the bonus-life threshold message."
DATA_216,$3D1F,$3D21,$3D20,2,ProvenUnused,41,exact preserved unused byte,verified reconstruction ownership,COMPLETE,drawtext_descriptor_unconsumed_trailer,"$3D1F-$3D20 is the two-byte trailer immediately following a live DrawText descriptor. The preceding descriptor uses a negative (bit-7-set) single-color control byte, so the renderer returns after filling the color and does not consume this trailing $2F/$80-style pair; it is retained for byte-faithful source reconstruction."
DATA_217,$3D21,$3D3A,$3D39,25,ClassifiedData,,proven ROM data use,verified reconstruction ownership,COMPLETE,drawtext_midway_1980_copyright_descriptor_a,"DrawText ID $0B. Screen offset $033A, encoded copyright symbol + "" 1980 MIDWAY MFG.CO."", terminator $2F, color $83."
DATA_218,$3D3A,$3D3C,$3D3B,2,ProvenUnused,42,exact preserved unused byte,verified reconstruction ownership,COMPLETE,drawtext_descriptor_unconsumed_trailer,"$3D3A-$3D3B is the two-byte trailer immediately following a live DrawText descriptor. The preceding descriptor uses a negative (bit-7-set) single-color control byte, so the renderer returns after filling the color and does not consume this trailing $2F/$80-style pair; it is retained for byte-faithful source reconstruction."
DATA_219,$3D3C,$3D55,$3D54,25,ClassifiedData,,proven ROM data use,verified reconstruction ownership,COMPLETE,drawtext_midway_1980_copyright_descriptor_b,DrawText ID $13. Same copyright/company text as DATA_217 at alternate screen offset $033D for another attract/service placement.
DATA_220,$3D55,$3D57,$3D56,2,ProvenUnused,43,exact preserved unused byte,verified reconstruction ownership,COMPLETE,drawtext_descriptor_unconsumed_trailer,"$3D55-$3D56 is the two-byte trailer immediately following a live DrawText descriptor. The preceding descriptor uses a negative (bit-7-set) single-color control byte, so the renderer returns after filling the color and does not consume this trailing $2F/$80-style pair; it is retained for byte-faithful source reconstruction."
DATA_221,$3D57,$3D65,$3D64,14,ClassifiedData,,proven ROM data use,verified reconstruction ownership,COMPLETE,drawtext_shadow_nickname_descriptor,"DrawText ID $14. Screen offset $02C5, encoded nickname ""-SHADOW "" for Blinky, terminator $2F, color $81."
DATA_222,$3D65,$3D67,$3D66,2,ProvenUnused,44,exact preserved unused byte,verified reconstruction ownership,COMPLETE,drawtext_descriptor_unconsumed_trailer,"$3D65-$3D66 is the two-byte trailer immediately following a live DrawText descriptor. The preceding descriptor uses a negative (bit-7-set) single-color control byte, so the renderer returns after filling the color and does not consume this trailing $2F/$80-style pair; it is retained for byte-faithful source reconstruction."
DATA_223,$3D67,$3D74,$3D73,13,ClassifiedData,,proven ROM data use,verified reconstruction ownership,COMPLETE,drawtext_blinky_name_descriptor,"DrawText ID $0D. Screen offset $0165, encoded ""BLINKY"" name with quote/decorative glyphs, terminator $2F, color $81."
DATA_224,$3D74,$3D76,$3D75,2,ProvenUnused,45,exact preserved unused byte,verified reconstruction ownership,COMPLETE,drawtext_descriptor_unconsumed_trailer,"$3D74-$3D75 is the two-byte trailer immediately following a live DrawText descriptor. The preceding descriptor uses a negative (bit-7-set) single-color control byte, so the renderer returns after filling the color and does not consume this trailing $2F/$80-style pair; it is retained for byte-faithful source reconstruction."
DATA_225,$3D76,$3D84,$3D83,14,ClassifiedData,,proven ROM data use,verified reconstruction ownership,COMPLETE,drawtext_speedy_nickname_descriptor,"DrawText ID $16. Screen offset $02C8, encoded nickname ""-SPEEDY "" for Pinky, terminator $2F, color $83."
DATA_226,$3D84,$3D86,$3D85,2,ProvenUnused,46,exact preserved unused byte,verified reconstruction ownership,COMPLETE,drawtext_descriptor_unconsumed_trailer,"$3D84-$3D85 is the two-byte trailer immediately following a live DrawText descriptor. The preceding descriptor uses a negative (bit-7-set) single-color control byte, so the renderer returns after filling the color and does not consume this trailing $2F/$80-style pair; it is retained for byte-faithful source reconstruction."
DATA_227,$3D86,$3D93,$3D92,13,ClassifiedData,,proven ROM data use,verified reconstruction ownership,COMPLETE,drawtext_pinky_name_descriptor,"DrawText ID $0F. Screen offset $0168, encoded ""PINKY"" name with decorative glyphs, terminator $2F, color $83."
DATA_228,$3D93,$3D95,$3D94,2,ProvenUnused,47,exact preserved unused byte,verified reconstruction ownership,COMPLETE,drawtext_descriptor_unconsumed_trailer,"$3D93-$3D94 is the two-byte trailer immediately following a live DrawText descriptor. The preceding descriptor uses a negative (bit-7-set) single-color control byte, so the renderer returns after filling the color and does not consume this trailing $2F/$80-style pair; it is retained for byte-faithful source reconstruction."
DATA_229,$3D95,$3DA3,$3DA2,14,ClassifiedData,,proven ROM data use,verified reconstruction ownership,COMPLETE,drawtext_bashful_nickname_descriptor,"DrawText ID $33 in this pointer table. Screen offset $02CB, encoded nickname ""-BASHFUL "" for Inky, terminator $2F, color $85."
DATA_230,$3DA3,$3DA5,$3DA4,2,ProvenUnused,48,exact preserved unused byte,verified reconstruction ownership,COMPLETE,drawtext_descriptor_unconsumed_trailer,"$3DA3-$3DA4 is the two-byte trailer immediately following a live DrawText descriptor. The preceding descriptor uses a negative (bit-7-set) single-color control byte, so the renderer returns after filling the color and does not consume this trailing $2F/$80-style pair; it is retained for byte-faithful source reconstruction."
DATA_231,$3DA5,$3DB2,$3DB1,13,ClassifiedData,,proven ROM data use,verified reconstruction ownership,COMPLETE,drawtext_inky_name_descriptor,"DrawText ID $2F. Screen offset $016B, encoded ""INKY"" name with decorative glyphs, terminator $2F, color $85."
DATA_232,$3DB2,$3DB4,$3DB3,2,ProvenUnused,49,exact preserved unused byte,verified reconstruction ownership,COMPLETE,drawtext_descriptor_unconsumed_trailer,"$3DB2-$3DB3 is the two-byte trailer immediately following a live DrawText descriptor. The preceding descriptor uses a negative (bit-7-set) single-color control byte, so the renderer returns after filling the color and does not consume this trailing $2F/$80-style pair; it is retained for byte-faithful source reconstruction."
DATA_233,$3DB4,$3DC2,$3DC1,14,ClassifiedData,,proven ROM data use,verified reconstruction ownership,COMPLETE,drawtext_pokey_nickname_descriptor,"DrawText ID $35. Screen offset $02CE, encoded nickname ""-POKEY "" for Clyde, terminator $2F, color $87."
DATA_234,$3DC2,$3DC4,$3DC3,2,ProvenUnused,50,exact preserved unused byte,verified reconstruction ownership,COMPLETE,drawtext_descriptor_unconsumed_trailer,"$3DC2-$3DC3 is the two-byte trailer immediately following a live DrawText descriptor. The preceding descriptor uses a negative (bit-7-set) single-color control byte, so the renderer returns after filling the color and does not consume this trailing $2F/$80-style pair; it is retained for byte-faithful source reconstruction."
DATA_235,$3DC4,$3DD1,$3DD0,13,ClassifiedData,,proven ROM data use,verified reconstruction ownership,COMPLETE,drawtext_clyde_name_descriptor,"DrawText ID $31. Screen offset $016E, encoded ""CLYDE"" name with decorative glyphs, terminator $2F, color $87."
DATA_236,$3DD1,$3DD3,$3DD2,2,ProvenUnused,51,exact preserved unused byte,verified reconstruction ownership,COMPLETE,drawtext_descriptor_unconsumed_trailer,"$3DD1-$3DD2 is the two-byte trailer immediately following a live DrawText descriptor. The preceding descriptor uses a negative (bit-7-set) single-color control byte, so the renderer returns after filling the color and does not consume this trailing $2F/$80-style pair; it is retained for byte-faithful source reconstruction."
DATA_237,$3DD3,$3DE1,$3DE0,14,ClassifiedData,,proven ROM data use,verified reconstruction ownership,COMPLETE,drawtext_placeholder_A_descriptor,"DrawText ID $15. Literal repeated-A placeholder descriptor at screen offset $02C5, terminated by $2F with color $81. Its exact semantic role is a selectable text placeholder/alternate attract label; the literal payload and pointer ID are fully identified."
DATA_238,$3DE1,$3DE3,$3DE2,2,ProvenUnused,52,exact preserved unused byte,verified reconstruction ownership,COMPLETE,drawtext_descriptor_unconsumed_trailer,"$3DE1-$3DE2 is the two-byte trailer immediately following a live DrawText descriptor. The preceding descriptor uses a negative (bit-7-set) single-color control byte, so the renderer returns after filling the color and does not consume this trailing $2F/$80-style pair; it is retained for byte-faithful source reconstruction."
DATA_239,$3DE3,$3DF0,$3DEF,13,ClassifiedData,,proven ROM data use,verified reconstruction ownership,COMPLETE,drawtext_placeholder_B_descriptor,"DrawText ID $0E. Literal repeated-B placeholder descriptor at screen offset $0165, terminated by $2F with color $81."
DATA_240,$3DF0,$3DF2,$3DF1,2,ProvenUnused,53,exact preserved unused byte,verified reconstruction ownership,COMPLETE,drawtext_descriptor_unconsumed_trailer,"$3DF0-$3DF1 is the two-byte trailer immediately following a live DrawText descriptor. The preceding descriptor uses a negative (bit-7-set) single-color control byte, so the renderer returns after filling the color and does not consume this trailing $2F/$80-style pair; it is retained for byte-faithful source reconstruction."
DATA_241,$3DF2,$3E00,$3DFF,14,ClassifiedData,,proven ROM data use,verified reconstruction ownership,COMPLETE,drawtext_placeholder_C_descriptor,"DrawText ID $17. Literal repeated-C placeholder descriptor at screen offset $02C8, terminated by $2F with color $83."
DATA_242,$3E00,$3E02,$3E01,2,ProvenUnused,54,exact preserved unused byte,verified reconstruction ownership,COMPLETE,drawtext_descriptor_unconsumed_trailer,"$3E00-$3E01 is the two-byte trailer immediately following a live DrawText descriptor. The preceding descriptor uses a negative (bit-7-set) single-color control byte, so the renderer returns after filling the color and does not consume this trailing $2F/$80-style pair; it is retained for byte-faithful source reconstruction."
DATA_243,$3E02,$3E0F,$3E0E,13,ClassifiedData,,proven ROM data use,verified reconstruction ownership,COMPLETE,drawtext_placeholder_D_descriptor,"DrawText ID $10. Literal repeated-D placeholder descriptor at screen offset $0168, terminated by $2F with color $83."
DATA_244,$3E0F,$3E11,$3E10,2,ProvenUnused,55,exact preserved unused byte,verified reconstruction ownership,COMPLETE,drawtext_descriptor_unconsumed_trailer,"$3E0F-$3E10 is the two-byte trailer immediately following a live DrawText descriptor. The preceding descriptor uses a negative (bit-7-set) single-color control byte, so the renderer returns after filling the color and does not consume this trailing $2F/$80-style pair; it is retained for byte-faithful source reconstruction."
DATA_245,$3E11,$3E1F,$3E1E,14,ClassifiedData,,proven ROM data use,verified reconstruction ownership,COMPLETE,drawtext_placeholder_E_descriptor,"DrawText ID $34. Literal repeated-E placeholder descriptor at screen offset $02CB, terminated by $2F with color $85."
DATA_246,$3E1F,$3E21,$3E20,2,ProvenUnused,56,exact preserved unused byte,verified reconstruction ownership,COMPLETE,drawtext_descriptor_unconsumed_trailer,"$3E1F-$3E20 is the two-byte trailer immediately following a live DrawText descriptor. The preceding descriptor uses a negative (bit-7-set) single-color control byte, so the renderer returns after filling the color and does not consume this trailing $2F/$80-style pair; it is retained for byte-faithful source reconstruction."
DATA_247,$3E21,$3E2E,$3E2D,13,ClassifiedData,,proven ROM data use,verified reconstruction ownership,COMPLETE,drawtext_placeholder_F_descriptor,"DrawText ID $30. Alternate pointer-slot payload at screen offset $016B containing repeated F glyphs, terminated by $2F with color $85. The descriptor format and literal payload are exact; it functions as one of the alternate attract/text placeholders paired with the ghost-name slots."
DATA_248,$3E2E,$3E30,$3E2F,2,ProvenUnused,57,exact preserved unused byte,verified reconstruction ownership,COMPLETE,drawtext_descriptor_unconsumed_trailer,"$3E2E-$3E2F is the two-byte trailer immediately following a live DrawText descriptor. The preceding descriptor uses a negative (bit-7-set) single-color control byte, so the renderer returns after filling the color and does not consume this trailing $2F/$80-style pair; it is retained for byte-faithful source reconstruction."
DATA_249,$3E30,$3E3E,$3E3D,14,ClassifiedData,,proven ROM data use,verified reconstruction ownership,COMPLETE,drawtext_placeholder_G_descriptor,"DrawText ID $36. Literal repeated-G placeholder descriptor at screen offset $02CE, terminated by $2F with color $87."
DATA_250,$3E3E,$3E40,$3E3F,2,ProvenUnused,58,exact preserved unused byte,verified reconstruction ownership,COMPLETE,drawtext_descriptor_unconsumed_trailer,"$3E3E-$3E3F is the two-byte trailer immediately following a live DrawText descriptor. The preceding descriptor uses a negative (bit-7-set) single-color control byte, so the renderer returns after filling the color and does not consume this trailing $2F/$80-style pair; it is retained for byte-faithful source reconstruction."
DATA_251,$3E40,$3E4D,$3E4C,13,ClassifiedData,,proven ROM data use,verified reconstruction ownership,COMPLETE,drawtext_placeholder_H_descriptor,"DrawText ID $32. Literal repeated-H placeholder descriptor at screen offset $016E, terminated by $2F with color $87."
DATA_252,$3E4D,$3E4F,$3E4E,2,ProvenUnused,59,exact preserved unused byte,verified reconstruction ownership,COMPLETE,drawtext_descriptor_unconsumed_trailer,"$3E4D-$3E4E is the two-byte trailer immediately following a live DrawText descriptor. The preceding descriptor uses a negative (bit-7-set) single-color control byte, so the renderer returns after filling the color and does not consume this trailing $2F/$80-style pair; it is retained for byte-faithful source reconstruction."
DATA_253,$3E4F,$3E5A,$3E59,11,ClassifiedData,,proven ROM data use,verified reconstruction ownership,COMPLETE,drawtext_pacman_title_descriptor,"DrawText ID $29. Screen offset $030C, encoded title ""PAC-MAN"" (semicolon tile is the hyphen glyph), terminator $2F, single-color code $8F."
DATA_254,$3E5A,$3FFA,$3FF9,416,ProvenUnused,60,exact preserved unused byte,verified reconstruction ownership,COMPLETE,pacman_title_trailer_and_high_rom_zero_padding,"$3E5A-$3E5B is the unconsumed $2F,$80 legacy trailer immediately after the live PAC-MAN title descriptor. $3E5C-$3FF9 is zero-filled high-ROM padding before the IM2 vector words at $3FFA."
DATA_255,$3FFA,$3FFE,$3FFD,4,ClassifiedData,,proven ROM data use,verified reconstruction ownership,COMPLETE,im2_interrupt_vector_word_pair,Two little-endian interrupt vector words used by the original Pac-Man IM2 setup: $3FFA-$3FFB -> $3000 (startup/test continuation) and $3FFC-$3FFD -> $008D (normal VBlank interrupt continuation). The vector byte written by initialization selects these entries through the IM2 vector page.
DATA_256,$3FFE,$4000,$3FFF,2,ProvenUnused,61,exact preserved unused byte,verified reconstruction ownership,COMPLETE,rom3_checksum_bytes,"Checksum bytes $75,$73 for the $3000-$3FFF program ROM bank, verified by the startup ROM integrity routine. They follow the two IM2 vector words and are data, not executable code."
